county_fips,lt_debt_outstanding_end,rev_property_tax
01001,12.09,5.254
01003,90.653,34.59
01005,1.242,2.129
01007,3.986,1.979
01009,,5.974
01011,1.23,1.65
01013,4.155,2.802
01015,5.862,11.566
01017,,3.792
01019,13.46,3.513
01021,4.0,9.838
01023,3.865,1.855
01025,8.909,3.405
01027,3.033,1.592
01029,1.957,1.297
01031,5.381,6.091
01033,5.345,6.131
01035,7.195,2.45
01037,1.898,1.458
01039,11.075,5.315
01041,6.424,1.541
01043,31.227,9.872
01045,,5.062
01047,3.86,4.758
01049,11.245,4.204
01051,1.291,7.917
01053,0.556,3.582
01055,,11.593
01057,4.917,2.36
01059,8.028,4.343
01061,2.01,5.423
01063,5.225,1.2
01065,2.795,1.948
01067,0.836,1.646
01069,21.64,17.183
01071,0.608,5.685
01073,2638.025,119.607
01075,2.623,1.903
01077,0.39,10.827
01079,11.2,1.844
01081,24.442,16.888
01083,10.3,12.061
01085,16.388,3.07
01087,5.585,1.684
01089,19.786,48.58
01091,,2.776
01093,12.708,1.136
01095,7.975,8.762
01097,149.629,82.244
01099,10.179,3.106
01101,47.998,22.426
01103,,16.75
01105,12.398,1.559
01107,2.24,2.568
01109,6.995,4.424
01111,1.956,2.443
01113,15.99,5.607
01115,29.71,9.341
01117,53.095,26.943
01119,3.788,1.818
01121,25.47,11.047
01123,9.435,5.332
01125,,29.542
01127,17.88,5.304
01129,4.936,2.369
01131,9.05,3.048
01133,9.725,2.637
02013,9.605,1.537
02060,0.424,4.8
02068,,2.371
02090,164.673,121.212
02100,,3.021
02122,118.032,69.274
02130,33.185,9.137
02150,105.095,15.694
02164,16.005,5.13
02170,351.942,124.652
02185,293.895,399.237
02188,47.58,4.65
02195,15.234,3.38
02230,21.273,1.997
02282,,0.504
04001,6.94,12.98
04003,,33.384
04005,0.03,21.138
04007,5.817,26.739
04009,26.34,4.835
04011,,3.832
04012,15.364,5.553
04013,263.629,592.884
04015,14.797,51.604
04017,14.879,12.132
04019,1126.164,460.684
04021,163.577,94.984
04023,41.395,15.616
04025,20.853,54.756
04027,38.758,44.187
05001,0.112,3.15
05003,0.088,2.044
05005,0.39,3.409
05007,5.124,33.09
05009,,1.632
05011,0.134,1.248
05013,0.042,1.102
05015,0.251,4.665
05017,2.033,1.818
05019,,2.356
05021,0.109,1.596
05023,,4.052
05025,,3.784
05027,,3.706
05029,3.166,4.537
05031,,10.114
05033,29.962,5.024
05035,0.203,1.868
05037,,1.84
05039,,0.551
05041,,1.923
05043,26.704,1.673
05045,2.223,14.731
05047,3.098,2.72
05049,7.209,1.047
05051,64.84,7.359
05053,0.022,1.529
05055,9.2,2.828
05057,,2.711
05059,,3.94
05061,17.28,
05063,38.665,4.948
05065,,1.433
05067,8.755,2.038
05069,0.131,8.349
05071,,2.775
05073,3.195,0.749
05075,9.925,1.891
05077,,0.961
05079,,1.357
05081,0.144,1.685
05083,10.0,2.358
05085,,6.114
05087,,1.845
05089,,2.041
05091,,3.509
05093,2.884,6.105
05095,,1.236
05097,1.51,1.208
05099,,0.991
05101,0.38,
05103,19.752,2.488
05105,0.515,
05107,0.323,2.436
05109,,0.922
05111,,1.2
05113,,1.205
05115,,5.442
05117,3.248,1.444
05119,,57.793
05121,0.133,0.892
05123,,1.926
05125,19.133,15.613
05127,2.255,
05129,0.003,1.107
05131,,16.402
05133,1.055,1.299
05135,,0.794
05137,0.16,1.234
05139,,5.307
05141,8.218,4.087
05143,1.86,19.781
05145,1.388,5.803
05147,,1.389
05149,5.76,0.457
06001,1022.555,797.412
06003,1.005,5.506
06005,10.659,20.282
06007,62.318,65.17
06009,71.136,20.039
06011,0.817,17.583
06013,759.62,576.259
06015,7.59,7.991
06017,6.483,103.456
06019,545.97,236.029
06021,3.528,11.117
06023,12.459,45.742
06025,45.455,47.251
06027,6.421,12.839
06029,328.527,351.855
06031,32.907,47.17
06033,8.105,29.763
06035,3.8,8.514
06037,3654.926,6586.775
06039,58.607,45.87
06041,256.685,203.616
06043,12.361,8.147
06045,98.555,49.667
06047,34.984,99.79
06049,,4.54
06051,3.792,21.219
06053,337.794,165.328
06055,149.187,103.198
06057,44.972,41.146
06059,1887.528,948.888
06061,209.326,187.05
06063,13.977,11.499
06065,1250.875,818.939
06067,2926.269,448.741
06069,,18.853
06071,1121.124,702.922
06073,1991.278,1203.989
06077,645.877,245.205
06079,683.384,180.673
06081,879.796,409.313
06083,104.925,265.525
06085,1877.526,1288.569
06087,166.161,111.466
06089,36.27,48.859
06091,2.898,3.911
06093,140.254,17.548
06095,219.154,165.384
06097,702.056,267.171
06099,28.556,126.355
06101,9.81,31.6
06103,12.811,21.99
06105,4.443,7.772
06107,5.274,135.549
06109,14.55,24.185
06111,850.983,478.469
06113,39.63,57.713
06115,168.275,13.382
08001,190.39,151.962
08003,27.54,4.245
08005,163.716,146.335
08007,,7.246
08009,,2.619
08011,,2.835
08013,242.047,164.914
08015,3.776,3.514
08017,,2.224
08019,,22.782
08021,0.484,2.272
08023,0.649,2.747
08025,0.267,1.739
08027,0.452,2.06
08029,2.486,4.996
08033,,101.821
08035,20.815,134.722
08037,53.499,24.004
08039,6.334,6.677
08041,143.6,54.251
08043,22.857,5.344
08045,,46.744
08047,,3.443
08049,2.315,9.986
08051,,8.517
08053,,1.156
08055,0.915,2.479
08057,,0.752
08059,129.815,200.504
08061,,2.418
08063,,6.087
08065,,5.463
08067,0.254,19.055
08069,26.86,105.655
08071,1.256,3.713
08073,0.012,4.652
08075,6.492,9.463
08077,21.501,40.995
08079,,0.07
08081,7.516,10.566
08083,,13.343
08085,26.509,13.645
08087,,16.627
08089,1.35,3.099
08091,,2.265
08093,0.065,10.249
08095,,2.547
08097,43.36,26.926
08099,,4.462
08101,175.106,53.496
08103,0.67,22.231
08105,1.645,2.88
08107,9.89,19.953
08109,0.397,0.816
08111,0.357,0.902
08113,,8.568
08115,2.03,2.262
08117,0.142,26.582
08119,,8.931
08121,12.102,4.731
08123,3.952,111.542
08125,0.185,8.153
10001,37.801,13.426
10003,489.317,116.849
10005,145.053,16.764
12001,68.431,127.289
12003,,6.109
12005,194.934,74.588
12007,,7.504
12009,289.222,208.199
12011,3146.705,832.22
12013,,3.881
12015,248.752,113.744
12017,106.423,65.519
12019,17.611,66.799
12021,489.654,281.478
12023,11.247,18.527
12027,25.236,13.969
12029,0.159,6.247
12033,103.336,109.691
12035,107.435,57.166
12037,0.91,10.303
12039,16.04,11.297
12041,1.329,6.168
12043,,6.822
12045,16.385,10.421
12047,,7.462
12049,4.59,13.257
12051,10.054,14.735
12053,124.346,61.572
12055,26.508,37.279
12057,1203.604,650.212
12059,2.531,3.893
12061,50.259,84.714
12063,12.766,12.59
12065,5.829,4.268
12067,0.092,2.136
12069,107.344,101.22
12071,942.39,309.497
12073,43.455,122.45
12075,3.735,12.819
12077,0.658,2.202
12079,2.474,6.59
12081,356.703,187.729
12083,141.753,101.798
12085,120.644,153.709
12086,15526.287,1585.671
12087,161.934,75.464
12089,45.592,51.33
12091,167.0,51.84
12093,0.846,13.087
12095,1094.224,685.088
12097,636.459,152.28
12099,1187.247,1004.236
12101,354.841,192.947
12103,162.161,437.406
12105,341.157,193.959
12107,38.699,31.889
12109,356.47,141.978
12111,127.958,135.981
12113,9.666,49.252
12115,625.502,180.015
12117,369.362,172.844
12119,109.103,54.167
12121,5.518,13.801
12123,5.586,10.714
12125,0.343,2.229
12127,180.873,232.93
12129,3.399,8.572
12131,23.922,49.609
12133,5.575,8.116
13001,,11.213
13003,4.6,2.561
13005,0.119,3.205
13007,,1.36
13009,13.777,11.834
13011,3.995,5.58
13013,87.886,22.493
13015,80.777,33.839
13017,,5.467
13019,4.606,6.408
13023,,4.089
13025,5.197,5.135
13027,0.288,5.62
13029,14.944,11.483
13031,6.799,23.376
13033,,25.042
13035,2.02,8.069
13037,,0.81
13039,2.165,18.446
13043,0.194,2.714
13045,41.744,23.804
13047,10.817,11.933
13049,0.102,5.875
13051,15.651,150.442
13055,11.043,5.835
13057,85.83,79.912
13061,1.488,1.747
13063,110.295,122.888
13065,,2.865
13067,1269.542,310.185
13069,2.499,6.578
13071,1.103,16.804
13073,172.68,39.382
13075,1.111,4.452
13077,18.544,41.022
13079,5.559,3.793
13081,4.569,7.762
13083,4.58,4.0
13085,2.88,10.722
13087,10.665,11.27
13089,1096.894,315.775
13091,0.495,3.977
13093,,5.125
13095,1.056,33.347
13097,,46.274
13099,0.523,4.38
13101,0.365,1.077
13103,20.473,23.625
13105,0.211,6.273
13107,1.91,5.865
13109,,2.592
13111,0.425,6.829
13113,74.965,37.017
13115,19.273,36.433
13117,369.846,88.871
13119,17.286,6.429
13121,850.399,529.029
13123,57.424,10.442
13125,,1.004
13127,20.4,35.503
13129,1.307,18.493
13131,22.305,6.911
13133,6.221,9.541
13135,846.096,386.376
13137,40.144,13.989
13139,41.832,64.385
13141,4.161,6.437
13143,4.865,9.98
13145,36.408,8.548
13147,8.98,6.257
13149,2.166,5.27
13151,35.515,82.228
13153,10.732,42.83
13155,0.39,2.997
13157,82.23,27.623
13159,,6.907
13161,3.356,4.647
13163,0.16,6.662
13165,2.348,2.318
13167,0.585,2.233
13169,7.27,11.689
13171,,5.269
13173,,2.849
13175,12.3,10.106
13177,22.898,13.548
13179,28.89,16.635
13181,5.45,3.153
13183,0.176,5.375
13185,11.045,30.986
13187,17.193,10.377
13189,14.035,4.874
13191,9.165,5.185
13193,0.519,4.328
13195,,7.398
13197,4.863,1.573
13199,6.388,6.54
13201,0.08,3.071
13205,4.782,11.363
13207,21.045,
13209,0.017,2.482
13211,26.098,10.145
13213,,6.173
13217,36.713,33.011
13219,62.344,12.823
13221,,2.934
13223,320.832,49.375
13225,,8.872
13227,11.678,11.064
13229,0.07,4.057
13231,6.991,6.697
13233,,10.92
13235,0.084,3.606
13237,1.248,10.695
13241,8.696,15.406
13243,7.91,2.803
13247,178.216,31.228
13249,6.577,1.469
13251,0.45,5.507
13253,0.019,4.011
13255,20.046,26.436
13257,8.13,8.516
13259,0.676,1.577
13261,9.959,9.543
13263,1.863,3.21
13265,,1.406
13267,2.35,6.935
13269,0.051,2.242
13271,0.376,4.393
13273,,3.536
13275,1.31,20.668
13277,0.014,2.538
13279,6.271,5.998
13281,1.095,4.234
13283,0.762,1.451
13285,4.066,23.007
13287,,3.858
13289,2.423,4.198
13291,7.128,8.569
13293,5.754,10.006
13295,37.868,13.171
13297,94.533,31.725
13299,,11.845
13301,0.539,2.131
13303,15.602,8.641
13305,9.954,10.185
13309,0.148,2.955
13311,7.69,9.631
13313,,26.43
13315,,3.208
13317,0.57,4.434
13319,1.572,4.405
13321,,6.763
15001,490.679,266.517
15007,203.665,120.645
15009,317.414,272.636
16001,0.684,110.576
16003,0.28,3.321
16005,,24.981
16007,,1.411
16009,27.433,3.486
16011,0.052,11.461
16013,7.965,12.978
16015,,4.797
16017,1.6,26.752
16019,0.071,24.331
16021,,5.242
16023,,2.106
16025,,0.825
16027,0.423,40.048
16029,,5.513
16031,0.089,5.242
16033,,1.681
16035,,2.982
16037,0.011,1.66
16039,2.515,7.236
16041,0.153,3.698
16043,0.336,11.058
16045,0.217,9.829
16047,,3.653
16049,,3.78
16051,5.319,2.043
16053,9.985,7.802
16055,,47.684
16057,,8.99
16059,6.545,2.236
16061,,1.499
16063,,1.458
16065,44.15,12.394
16067,,5.204
16069,5.655,13.918
16071,0.741,2.712
16073,,2.975
16075,0.29,6.384
16077,,4.497
16079,0.023,4.058
16081,1.94,6.08
16083,,22.579
16085,,5.987
16087,,5.05
17001,5.565,8.92
17003,0.225,1.618
17005,0.371,3.201
17007,7.469,11.102
17009,,1.262
17011,,5.71
17013,,1.152
17015,,2.885
17017,0.691,2.173
17019,32.812,38.847
17021,0.356,3.827
17023,,2.861
17025,,2.588
17027,0.688,6.52
17029,1.858,8.209
17031,3397.806,904.573
17033,,4.829
17035,0.23,1.316
17037,36.679,24.072
17039,,4.634
17041,1.677,4.126
17043,489.109,73.999
17045,0.5,3.626
17047,0.012,1.391
17049,0.995,4.236
17051,,2.124
17053,0.93,3.198
17055,2.605,3.43
17057,1.0,6.799
17059,,0.89
17061,,2.102
17063,4.026,14.867
17065,0.054,0.935
17067,0.26,3.559
17069,,0.664
17071,0.175,2.006
17073,9.856,8.07
17075,0.159,5.237
17077,4.26,11.932
17079,,3.642
17081,11.5,2.949
17083,2.83,2.948
17085,0.399,6.115
17087,0.93,1.29
17089,404.66,125.537
17091,49.055,19.938
17093,32.354,25.515
17095,6.479,9.893
17097,534.099,255.553
17099,,24.08
17101,0.523,1.053
17103,0.153,5.94
17105,,8.028
17107,0.877,3.877
17109,8.485,5.594
17111,97.556,76.114
17113,1.712,34.266
17115,0.33,20.896
17117,0.345,4.9
17119,1.87,32.593
17121,2.615,4.35
17123,0.235,2.855
17125,,3.457
17127,0.28,3.185
17129,0.05,4.119
17131,5.82,3.82
17133,9.06,7.78
17135,,4.933
17137,0.079,7.693
17139,,2.62
17141,,11.818
17143,78.75,26.349
17145,0.4,3.521
17147,3.893,4.756
17149,,2.915
17151,0.324,0.71
17153,5.418,1.941
17155,,1.549
17157,16.452,6.258
17159,,1.622
17161,107.87,33.469
17163,79.525,31.696
17165,,2.839
17167,72.515,29.592
17169,,1.521
17171,0.003,1.943
17173,0.038,4.307
17175,0.082,1.202
17177,9.95,8.822
17179,0.689,12.556
17181,14.92,3.658
17183,0.178,13.051
17185,0.208,2.121
17187,,2.932
17189,0.895,3.404
17191,,1.34
17193,,1.714
17195,,9.77
17197,461.364,192.255
17199,25.007,15.801
17201,128.993,38.754
17203,1.022,4.719
18001,49.656,9.717
18003,72.777,73.381
18005,83.324,14.541
18007,,3.256
18009,,3.056
18011,90.209,
18013,2.18,6.165
18015,,3.947
18017,31.592,11.772
18019,80.294,19.265
18021,1.041,4.752
18023,7.475,7.114
18025,0.435,27.942
18027,28.466,11.607
18029,31.086,7.845
18031,29.992,27.055
18033,2.649,10.564
18035,37.736,22.579
18037,1.0,7.433
18039,46.438,36.965
18041,6.462,3.956
18045,,3.9
18047,1.825,3.772
18049,14.318,0.974
18051,29.749,17.602
18053,2.889,13.638
18055,10.518,5.167
18057,190.494,59.074
18059,14.475,12.992
18061,7.46,6.515
18063,140.279,28.167
18065,40.005,8.695
18067,1.404,16.735
18069,0.109,6.778
18071,28.153,6.36
18073,3.0,23.617
18075,8.677,6.645
18077,2.725,7.991
18079,3.236,4.908
18081,6.706,28.092
18083,143.689,11.186
18085,6.011,12.274
18087,3.711,6.538
18089,128.601,64.389
18091,8.788,32.408
18093,8.459,5.602
18095,9.077,55.189
18099,,48.488
18101,0.462,1.783
18103,11.614,6.474
18105,23.648,29.959
18107,21.102,10.032
18109,8.709,8.041
18111,10.0,5.793
18113,1.69,18.353
18115,,1.279
18117,2.311,3.041
18119,2.095,3.35
18121,1.471,3.297
18123,8.087,4.907
18125,,15.574
18127,2.525,38.235
18129,1.803,0.054
18131,6.574,4.022
18133,15.279,6.344
18135,1.661,21.451
18137,0.187,22.338
18139,4.686,22.017
18141,52.975,56.749
18143,1.403,4.807
18145,,5.707
18147,0.258,0.684
18149,13.72,4.504
18151,0.34,8.224
18153,1.427,22.975
18155,1.02,2.371
18157,1.849,32.11
18159,15.444,35.167
18161,,2.992
18163,40.5,60.702
18165,6.716,7.272
18167,15.431,31.091
18169,,7.168
18171,,3.601
18173,18.96,18.77
18175,19.401,22.619
18177,10.748,16.795
18179,,3.946
18181,22.24,6.896
18183,14.411,10.897
19001,24.447,8.386
19003,3.12,3.427
19005,,5.942
19007,0.878,3.397
19009,0.384,4.503
19011,,9.375
19013,31.535,35.784
19015,3.438,9.749
19017,2.62,7.355
19019,26.797,6.852
19021,23.666,9.289
19023,3.241,6.232
19025,,6.313
19027,,7.516
19029,40.596,8.69
19031,,7.516
19033,10.62,15.817
19035,0.635,5.489
19037,0.036,5.114
19039,6.889,5.268
19041,4.81,7.665
19043,1.601,8.133
19045,4.297,16.266
19047,25.972,9.679
19049,11.808,26.538
19051,5.993,4.055
19053,15.936,4.18
19055,29.839,10.306
19057,0.73,12.047
19059,26.657,9.543
19061,9.45,30.811
19063,0.303,5.153
19065,0.033,7.501
19067,13.142,5.884
19069,26.286,7.565
19071,0.685,4.578
19073,19.432,6.478
19075,34.894,5.506
19077,2.376,6.347
19079,37.013,9.259
19081,10.288,6.503
19083,22.476,7.603
19085,0.293,7.66
19087,10.944,7.355
19089,27.787,5.847
19091,,4.959
19093,,2.124
19095,5.568,8.126
19097,0.201,8.149
19099,9.185,13.404
19101,33.534,6.703
19103,10.97,52.731
19105,,6.881
19107,,5.754
19109,21.496,8.47
19111,5.47,10.358
19113,24.47,60.339
19115,5.17,5.08
19117,9.763,4.037
19119,4.5,7.477
19121,13.4,7.286
19123,22.16,9.655
19125,2.36,12.837
19127,1.14,13.64
19129,0.645,7.674
19131,32.375,
19133,0.125,5.038
19135,6.846,6.533
19137,12.201,7.151
19139,14.26,16.316
19141,,6.596
19143,2.284,3.902
19145,0.972,6.822
19147,16.924,7.122
19149,6.489,11.153
19151,1.859,6.444
19153,285.386,209.763
19155,7.56,42.48
19157,5.99,7.318
19159,22.96,4.142
19161,0.13,5.155
19163,29.5,45.414
19165,6.428,4.727
19167,10.534,8.514
19169,32.151,26.601
19171,,8.325
19173,6.111,3.003
19175,19.076,6.17
19177,3.591,3.145
19179,4.36,9.752
19181,0.358,13.175
19183,33.974,10.043
19185,8.908,4.498
19187,16.363,12.931
19189,26.946,6.176
19191,6.695,9.308
19193,9.202,31.303
19195,15.989,6.738
19197,5.07,6.77
20001,29.8,10.735
20003,3.736,1.435
20005,,7.075
20007,7.62,5.94
20009,1.178,10.394
20011,7.872,6.84
20013,,39.027
20015,16.291,25.753
20017,3.629,3.149
20019,2.782,3.932
20021,2.452,8.203
20023,,3.736
20025,,3.376
20027,20.239,7.286
20029,,5.492
20031,5.77,21.629
20033,3.706,
20035,1.535,11.953
20037,3.609,14.723
20039,0.784,3.199
20041,2.606,10.999
20043,0.805,5.3
20045,20.34,54.457
20047,,4.147
20049,,2.387
20051,3.61,15.511
20053,2.055,5.195
20055,5.63,20.528
20057,16.24,14.982
20059,4.806,15.299
20061,33.76,17.267
20063,,4.376
20065,,4.417
20067,17.835,18.303
20069,,6.535
20073,0.001,10.307
20075,1.611,5.804
20077,,7.843
20079,12.366,11.026
20081,,8.487
20083,3.45,5.478
20085,0.148,8.639
20087,4.607,12.637
20089,,4.956
20091,701.229,251.547
20093,0.525,10.759
20095,4.09,7.135
20097,1.691,5.698
20099,29.38,8.991
20101,,6.748
20103,17.58,22.513
20105,,4.94
20107,0.111,10.432
20109,2.445,1.704
20111,22.189,18.727
20113,5.09,14.96
20115,2.76,9.971
20117,0.131,7.238
20119,,5.492
20121,21.576,19.678
20123,9.55,7.835
20125,1.237,16.351
20127,2.0,4.235
20129,1.625,9.738
20131,,7.553
20133,32.7,7.709
20135,,5.029
20137,0.32,4.185
20139,0.81,8.284
20141,,3.491
20143,,6.683
20145,9.62,5.726
20147,3.181,5.727
20149,11.578,14.305
20151,1.395,9.849
20153,,2.684
20155,28.908,28.022
20157,0.398,6.714
20159,0.775,7.306
20161,7.49,25.33
20163,,6.363
20165,6.91,4.607
20167,3.185,7.17
20169,0.228,24.467
20171,21.65,6.277
20173,189.765,162.791
20175,16.379,11.244
20177,93.632,84.373
20179,1.333,5.211
20181,5.955,4.89
20183,1.75,9.91
20185,,5.512
20187,10.31,8.5
20189,,15.2
20191,0.946,13.974
20193,,3.981
20195,3.003,4.522
20197,2.57,5.497
20199,3.695,3.516
20201,8.295,7.188
20203,1.455,3.335
20205,11.675,5.673
20207,0.152,4.132
21001,20.029,1.028
21003,21.345,0.844
21005,43.0,2.166
21007,0.195,1.666
21009,16.979,3.87
21011,58.0,0.49
21013,14.411,1.184
21015,17.475,14.241
21017,,1.675
21019,35.351,4.547
21021,167.692,2.246
21023,0.85,1.277
21025,4.481,0.485
21027,214.61,1.204
21029,5.425,5.609
21033,0.62,0.659
21035,0.355,2.965
21037,20.854,10.185
21039,,0.7
21041,,0.669
21043,11.63,0.657
21045,,0.443
21047,108.657,6.483
21049,34.033,2.446
21051,7.2,0.474
21053,15.2,0.327
21055,5.909,0.532
21057,,0.151
21059,,9.793
21061,13.427,0.901
21063,2.639,0.204
21065,8.795,0.448
21069,18.724,1.007
21071,27.293,0.185
21073,15.84,6.156
21075,6.0,0.429
21077,175.125,0.64
21079,14.485,0.745
21081,5.66,1.947
21083,20.78,1.795
21085,15.201,0.89
21087,13.798,0.417
21089,0.894,4.471
21091,652.605,0.374
21093,148.305,7.473
21095,,3.843
21097,4.5,1.007
21099,17.415,0.865
21101,412.898,3.638
21103,,1.375
21105,,0.38
21107,17.01,4.335
21109,8.455,0.291
21113,6.842,2.972
21115,5.52,0.893
21117,639.12,16.939
21119,8.18,1.361
21121,49.925,1.255
21123,17.235,1.818
21125,96.878,2.031
21127,13.505,0.966
21129,,1.163
21131,,0.626
21133,8.58,0.909
21135,13.0,0.753
21137,,0.97
21139,8.345,0.831
21141,9.975,1.958
21143,1.42,0.845
21145,21.975,4.322
21147,1.924,1.272
21149,22.18,1.296
21151,34.161,2.309
21153,6.183,0.527
21155,192.76,2.97
21157,403.17,4.418
21159,0.452,0.484
21161,,0.778
21163,4.77,3.133
21165,,0.228
21167,24.65,1.534
21169,2.485,0.484
21171,4.76,0.355
21173,7.665,1.559
21175,,0.357
21177,13.765,1.659
21179,250.645,4.205
21181,,0.364
21183,87.955,0.691
21185,230.193,5.899
21187,66.011,0.717
21189,0.6,0.389
21191,11.334,1.174
21193,173.042,1.339
21195,41.814,8.664
21197,,0.489
21199,38.238,5.713
21201,2.634,0.104
21203,18.193,0.374
21205,,0.885
21207,20.892,1.496
21209,40.148,3.23
21211,,3.853
21213,34.182,1.458
21215,,1.022
21217,46.836,1.086
21219,6.14,0.539
21221,17.768,1.53
21223,,0.346
21225,7.527,0.883
21227,63.77,14.27
21229,14.855,0.472
21231,9.77,1.133
21233,44.46,1.149
21235,19.065,1.256
21237,14.06,0.169
21239,,1.707
22001,18.178,13.761
22003,169.448,39.686
22005,12.362,32.459
22007,0.539,8.113
22009,2.633,1.148
22011,20.197,12.816
22013,9.579,7.719
22015,70.221,24.041
22017,53.665,80.641
22019,28.711,117.329
22021,1.612,9.614
22023,1.318,20.572
22025,0.843,1.285
22027,1.559,3.479
22029,15.895,5.237
22031,0.401,13.868
22035,29.197,3.229
22037,0.216,4.004
22039,27.501,9.188
22041,5.659,7.11
22043,,4.345
22045,48.093,19.251
22047,18.853,17.726
22049,4.203,12.823
22051,482.334,260.218
22053,19.334,10.363
22057,63.022,91.972
22059,1.021,6.485
22061,6.445,12.804
22063,21.086,32.733
22065,0.087,8.8
22067,,5.386
22069,15.286,11.254
22073,9.074,54.689
22075,117.339,21.815
22077,9.843,12.468
22079,5.17,21.17
22081,,7.534
22083,2.841,4.817
22085,2.706,8.638
22087,91.576,27.133
22089,17.535,32.865
22091,10.975,4.657
22093,30.685,32.788
22095,121.903,29.87
22097,80.894,20.642
22099,24.098,18.432
22101,43.305,32.217
22103,88.992,127.638
22105,235.161,35.022
22107,1.639,3.614
22111,2.813,5.707
22113,19.344,22.225
22115,10.848,8.778
22117,7.954,6.603
22119,3.94,14.068
22121,7.027,18.449
22123,0.1,1.858
22125,18.067,5.834
22127,1.94,4.216
23001,,8.485
23003,,6.691
23005,37.903,27.645
23007,0.427,6.468
23009,0.3,5.53
23011,,10.131
23013,1.82,8.322
23015,5.56,9.504
23017,,5.542
23019,,13.68
23021,,3.473
23023,5.56,8.186
23025,16.63,11.783
23027,,6.185
23029,,5.452
23031,4.9,16.655
24001,80.646,43.497
24003,1759.289,732.821
24005,3293.159,950.077
24009,136.752,149.974
24011,36.568,25.312
24013,353.968,204.212
24015,229.438,105.872
24017,342.117,229.756
24019,22.086,29.332
24021,719.808,359.324
24023,74.513,48.837
24025,678.893,298.996
24027,2295.913,615.277
24029,24.52,29.986
24031,7026.636,2081.378
24033,1472.74,989.211
24035,146.378,66.502
24037,310.808,112.872
24039,39.726,16.024
24041,44.31,37.538
24043,190.778,123.136
24045,128.768,63.378
24047,106.423,134.542
25001,24.855,3.123
25005,0.924,9.973
25007,1.44,1.369
25021,14.213,5.999
25023,1.943,1.5
26001,0.04,4.731
26003,2.725,2.997
26005,25.95,28.887
26007,1.37,8.674
26009,11.7,13.157
26011,1.381,5.388
26013,1.455,3.354
26015,35.775,16.249
26017,67.044,31.133
26019,6.292,9.85
26021,50.382,45.919
26023,38.541,10.575
26025,60.437,26.775
26027,34.94,13.717
26029,,16.753
26031,1.985,10.295
26033,10.0,11.027
26035,3.127,6.501
26037,1.628,15.385
26039,9.417,5.236
26041,4.41,8.623
26043,21.578,9.814
26045,54.42,29.38
26047,22.127,15.426
26049,53.851,77.389
26051,4.266,8.169
26053,0.598,4.073
26055,15.176,31.399
26057,15.799,10.644
26059,12.401,9.243
26061,2.967,8.555
26063,14.938,14.592
26065,92.768,72.113
26067,1.531,8.078
26069,1.625,6.332
26071,14.237,6.238
26073,17.706,15.569
26075,70.295,25.636
26077,42.57,59.554
26079,1.92,7.37
26081,142.575,118.589
26083,1.766,1.295
26085,7.703,6.932
26087,11.755,13.725
26089,12.962,11.593
26091,6.16,18.971
26093,61.457,30.22
26095,3.951,2.681
26097,2.612,6.498
26099,583.36,115.175
26101,1.74,9.977
26103,15.289,21.031
26105,0.6,13.593
26107,0.204,8.723
26109,0.032,6.963
26111,56.513,30.977
26113,0.225,4.513
26115,93.55,39.182
26117,12.5,9.969
26119,,4.821
26121,173.098,28.342
26123,19.468,10.674
26125,718.348,225.793
26127,3.311,12.814
26129,5.992,6.313
26131,,4.007
26133,6.755,6.461
26135,0.663,4.113
26137,1.837,10.836
26139,168.909,49.984
26141,1.114,4.843
26143,3.618,10.688
26145,103.899,40.37
26147,70.184,45.729
26149,3.961,14.668
26151,33.18,16.24
26153,24.438,2.701
26155,31.753,17.068
26157,28.598,14.333
26159,18.155,21.741
26161,109.097,90.311
26163,790.307,347.53
26165,6.175,9.705
27001,,11.561
27003,186.555,128.863
27005,5.178,20.697
27007,12.205,20.407
27009,2.417,22.548
27011,4.67,4.518
27013,26.195,30.122
27015,0.19,12.226
27017,11.33,23.828
27019,45.378,50.843
27021,0.535,21.29
27023,0.581,8.75
27025,48.294,32.69
27027,13.92,24.395
27029,0.158,6.908
27031,19.95,7.012
27033,1.073,15.425
27035,18.424,37.525
27037,,132.104
27039,2.932,11.668
27041,32.537,25.541
27043,13.145,9.697
27045,18.628,9.254
27047,18.605,20.929
27049,,29.9
27051,5.275,2.62
27053,1184.93,771.824
27055,15.38,11.815
27057,21.651,14.751
27059,5.945,16.98
27061,20.715,37.699
27063,29.918,11.486
27065,3.513,8.572
27067,39.249,30.864
27069,2.187,3.751
27071,11.123,5.526
27073,5.935,2.949
27075,2.618,8.453
27077,,3.031
27079,15.86,15.743
27081,5.096,5.998
27083,9.171,14.132
27085,14.074,18.84
27087,0.936,4.186
27089,,5.468
27091,,11.945
27093,,13.987
27095,7.29,14.927
27097,,17.282
27099,14.656,18.825
27101,7.393,7.726
27103,11.546,18.072
27105,15.85,12.636
27107,,5.38
27109,175.26,92.12
27111,44.995,36.548
27113,18.071,8.85
27115,38.363,15.896
27117,8.068,4.008
27119,23.51,21.765
27121,4.531,9.209
27123,240.324,311.819
27125,,2.277
27127,8.217,10.903
27129,7.809,13.638
27131,32.439,22.966
27133,1.487,6.588
27135,3.231,6.597
27137,131.608,128.012
27139,129.476,64.321
27141,10.47,46.095
27143,5.379,11.935
27145,18.135,71.978
27147,13.88,21.69
27149,2.007,7.043
27151,8.925,9.632
27153,2.32,12.729
27155,6.685,4.717
27157,15.115,13.557
27159,2.843,9.975
27161,3.325,13.546
27163,177.01,94.098
27165,9.625,4.781
27167,1.545,7.499
27169,7.225,20.145
27171,62.201,55.662
27173,,9.566
28001,30.074,14.453
28003,20.41,7.799
28005,,3.944
28007,7.2,7.462
28009,0.103,2.545
28011,6.809,15.083
28013,,5.13
28015,3.329,4.616
28017,12.491,4.757
28019,9.425,2.363
28021,8.024,3.93
28023,,7.914
28025,14.015,5.569
28027,,7.43
28029,38.435,10.536
28031,14.583,8.292
28033,85.277,61.75
28035,167.414,30.117
28037,0.708,2.778
28039,22.031,8.696
28041,4.554,5.936
28043,19.539,5.738
28045,31.057,22.066
28047,151.607,58.102
28049,46.785,60.927
28051,5.956,7.317
28053,,6.633
28055,1.025,1.759
28057,8.575,6.442
28059,123.757,82.504
28061,1.555,10.492
28063,0.169,3.438
28065,1.154,5.91
28067,82.563,22.692
28069,6.36,4.617
28071,5.885,14.359
28073,5.601,26.362
28075,30.422,27.521
28077,1.924,6.12
28079,3.356,5.393
28081,22.718,19.811
28083,10.33,14.686
28085,5.41,9.996
28087,60.592,18.729
28089,91.652,46.202
28091,9.514,9.51
28093,5.101,15.293
28095,11.856,13.875
28097,1.627,3.843
28099,,8.861
28101,2.114,6.362
28103,1.193,4.38
28105,38.944,16.759
28107,6.03,13.913
28109,8.23,17.102
28111,4.515,5.222
28113,14.507,13.715
28115,9.872,10.045
28117,4.989,5.946
28119,,6.152
28121,43.158,44.974
28123,9.11,9.315
28125,0.55,3.166
28127,10.175,9.146
28129,3.245,7.289
28131,1.92,7.044
28133,8.005,9.643
28135,4.296,2.808
28137,7.673,11.017
28139,0.717,5.853
28141,15.562,10.433
28143,13.613,7.566
28145,1.926,7.387
28147,,4.884
28149,3.615,19.795
28151,55.786,22.686
28153,5.98,5.21
28155,0.557,3.542
28157,2.4,3.739
28159,,4.291
28161,3.68,4.675
28163,15.715,10.757
29001,0.554,0.756
29003,0.143,2.145
29005,,1.873
29007,0.639,3.621
29009,,1.485
29011,15.222,0.91
29013,1.964,0.961
29015,,0.85
29017,,0.871
29019,14.876,5.02
29021,0.94,6.618
29023,0.545,1.485
29025,1.955,0.217
29027,0.052,5.272
29029,9.773,4.122
29031,2.99,9.665
29033,,0.706
29035,,0.239
29037,91.614,6.328
29039,,0.602
29041,,0.672
29043,2.1,11.52
29045,3.446,0.953
29047,3.923,8.921
29049,,2.912
29051,17.657,5.931
29053,0.745,1.349
29055,,3.568
29057,,0.167
29059,0.164,0.69
29061,0.043,0.314
29063,1.3,0.283
29065,,0.734
29067,0.426,0.584
29069,,0.131
29071,34.24,5.271
29073,,1.569
29075,0.059,0.508
29077,40.02,16.567
29079,5.099,1.41
29081,,0.441
29083,7.306,0.996
29085,,0.518
29087,,0.625
29089,0.036,0.636
29091,,0.879
29093,,0.221
29095,469.805,53.208
29097,,3.385
29099,20.511,10.531
29101,7.665,3.509
29103,1.953,0.692
29105,1.0,0.692
29107,4.95,1.37
29109,,1.37
29111,0.238,0.668
29113,4.76,3.109
29115,,0.197
29117,,0.286
29121,8.6,1.391
29123,2.81,0.85
29125,,1.029
29127,0.96,1.986
29129,,0.003
29131,,1.172
29133,,1.53
29135,,1.127
29137,,0.612
29139,0.053,1.701
29141,0.046,0.93
29143,,1.355
29145,,1.331
29147,3.879,1.037
29149,,0.448
29151,1.414,1.187
29153,0.037,0.72
29155,1.245,1.176
29157,2.536,0.971
29159,1.124,2.027
29161,70.1,1.898
29163,1.96,1.445
29165,29.56,4.728
29167,,1.471
29169,,1.042
29171,2.466,0.682
29173,0.88,1.249
29175,2.8,3.048
29177,0.272,0.586
29179,0.048,0.963
29181,6.952,1.922
29183,38.375,19.981
29185,,0.846
29186,9.145,2.528
29187,1.9,3.311
29189,550.987,109.736
29195,,2.103
29197,,0.459
29199,,1.291
29201,,0.585
29203,,0.116
29205,,0.922
29207,,0.054
29209,2.869,1.076
29211,,0.243
29213,12.365,11.97
29215,11.645,8.973
29217,6.405,0.64
29219,,1.485
29221,3.851,1.388
29223,,0.509
29225,,0.661
29227,,0.855
29229,,0.152
30001,1.38,5.305
30003,,9.91
30005,,5.466
30007,0.02,3.392
30009,,7.35
30011,,5.055
30013,3.454,36.564
30015,0.197,4.981
30017,7.321,6.154
30019,0.58,1.781
30021,,5.861
30025,,6.642
30027,2.558,7.11
30029,10.621,50.146
30031,43.331,50.036
30033,0.231,1.716
30035,2.02,9.623
30037,,0.895
30039,,2.741
30041,0.448,9.797
30043,2.49,7.908
30045,,2.421
30047,3.605,17.369
30049,10.04,36.401
30051,0.107,2.412
30053,,8.075
30055,0.546,3.208
30057,3.623,11.346
30059,,2.077
30061,,2.474
30063,86.575,62.046
30065,,3.356
30067,0.827,8.126
30069,0.12,0.575
30071,,0.957
30073,0.437,4.744
30075,0.394,2.411
30077,,3.203
30079,0.115,1.165
30081,5.805,17.133
30083,,7.539
30085,12.001,7.078
30087,,8.897
30089,0.077,8.011
30091,,3.127
30095,0.119,7.285
30097,0.813,4.499
30099,0.551,4.988
30101,0.875,4.437
30103,,0.868
30105,2.051,6.244
30107,,2.875
30109,,2.029
30111,3.654,67.267
31001,3.775,10.583
31003,5.88,4.587
31005,0.107,0.488
31007,,1.009
31009,0.185,0.571
31011,,4.001
31013,7.119,4.137
31015,,1.168
31017,3.882,2.774
31019,28.666,15.472
31021,0.15,5.088
31023,9.491,3.7
31025,,14.181
31027,0.36,4.481
31029,1.187,2.826
31031,,4.722
31033,,6.723
31035,,4.006
31037,,6.794
31039,,2.755
31041,2.645,6.108
31043,4.339,5.586
31045,0.585,3.411
31047,,10.505
31049,0.157,6.666
31051,,3.291
31053,16.728,7.975
31055,44.963,114.603
31057,1.789,1.906
31059,20.904,3.979
31061,2.51,2.441
31063,,1.963
31065,2.944,2.061
31067,4.04,9.551
31069,3.524,2.662
31071,,1.311
31073,,2.012
31077,,1.576
31079,12.85,21.314
31081,4.06,3.652
31083,2.178,4.305
31085,0.146,0.972
31087,0.055,2.135
31089,3.623,8.332
31091,0.472,0.754
31093,3.573,2.159
31095,12.045,6.14
31097,,2.285
31099,0.325,3.184
31101,,4.048
31103,,1.104
31105,2.065,3.253
31107,,3.4
31109,,64.588
31111,11.845,13.7
31113,,0.775
31115,0.184,0.611
31117,0.015,0.55
31119,1.464,12.406
31121,1.795,3.693
31123,0.105,3.151
31125,,2.447
31127,2.418,3.666
31129,,2.649
31131,5.48,6.493
31133,0.215,2.658
31135,,3.518
31137,1.215,5.452
31139,0.81,3.672
31141,8.765,9.751
31143,2.195,2.414
31145,6.322,3.839
31147,5.195,4.74
31149,1.095,1.601
31151,14.055,6.905
31153,,38.999
31155,23.726,10.55
31157,11.205,10.525
31159,9.99,7.598
31161,,3.434
31163,,10.455
31165,,0.866
31167,2.4,3.296
31169,4.147,18.913
31171,0.777,0.752
31173,,2.524
31175,17.613,2.377
31177,3.457,11.565
31179,4.167,4.4
31181,3.07,3.109
31183,,1.147
31185,2.32,7.366
32001,8.848,8.157
32003,10794.903,660.79
32005,40.159,36.091
32007,1.316,15.783
32009,0.911,1.824
32011,,11.631
32013,,14.501
32015,,31.019
32017,0.454,3.125
32019,18.923,12.285
32021,5.02,3.581
32023,21.69,22.908
32027,0.71,3.36
32029,1.807,12.412
32031,663.094,190.723
32033,0.208,9.641
33001,7.065,12.963
33003,17.105,17.624
33005,20.65,23.898
33007,0.601,15.05
33009,30.864,23.986
33011,,53.087
33013,51.703,44.404
33015,6.145,46.917
33017,12.416,30.86
33019,4.289,13.263
34001,12.492,171.658
34003,191.221,405.044
34005,287.176,155.5
34007,84.782,306.139
34009,47.89,114.948
34011,163.768,91.498
34013,1109.241,422.911
34015,218.853,150.639
34017,544.555,337.344
34019,,67.774
34021,546.655,257.12
34023,770.559,371.588
34025,457.751,302.626
34027,361.525,234.236
34029,303.303,369.772
34031,393.453,344.653
34033,43.456,53.141
34035,283.222,185.84
34037,31.819,93.242
34039,673.308,345.275
34041,8.181,77.268
35001,224.835,150.143
35003,1.289,1.342
35005,7.188,10.492
35006,5.866,3.976
35007,0.571,5.338
35009,17.123,8.223
35011,0.939,0.899
35013,,43.062
35015,,45.241
35017,58.43,8.73
35019,0.981,1.845
35021,0.125,1.184
35023,0.959,2.808
35025,6.365,28.279
35027,,11.063
35028,91.55,7.02
35029,20.723,6.716
35031,,9.947
35033,2.245,1.214
35035,80.4,10.069
35037,1.067,2.284
35039,,11.755
35041,3.345,8.487
35043,70.583,29.839
35045,47.56,24.16
35047,14.634,4.455
35049,195.354,68.811
35051,8.655,3.266
35053,10.701,3.223
35055,40.423,11.771
35057,1.159,5.013
35059,4.948,1.525
35061,13.112,13.189
36001,179.795,94.527
36003,25.88,31.688
36007,66.35,74.915
36009,40.385,53.938
36011,57.07,40.365
36013,48.685,62.688
36015,49.003,32.474
36017,,27.151
36019,16.3,23.419
36021,39.222,41.332
36023,28.566,34.804
36025,4.975,32.293
36027,101.785,113.365
36029,488.093,280.711
36031,38.96,23.208
36033,1.93,17.523
36035,0.006,28.466
36037,21.365,27.748
36039,14.985,25.441
36041,,7.882
36043,6.9,28.241
36045,13.63,57.646
36049,8.69,15.749
36051,47.972,28.106
36053,7.375,37.562
36055,722.276,327.688
36057,32.116,28.293
36059,3645.754,970.44
36063,92.736,86.278
36065,171.127,70.457
36067,626.912,145.178
36069,24.99,54.969
36071,329.298,130.334
36073,11.695,17.077
36075,10.25,50.77
36077,18.165,13.011
36079,60.59,44.49
36083,122.562,66.114
36087,612.817,166.285
36089,30.275,48.809
36091,60.63,56.93
36093,81.627,73.022
36095,,23.028
36097,2.685,11.846
36099,16.005,10.065
36101,39.653,43.886
36103,2564.729,662.616
36105,165.407,63.705
36107,15.225,24.662
36109,58.671,44.271
36111,134.334,79.993
36113,33.27,43.024
36115,15.755,33.304
36117,23.533,39.659
36119,1903.961,694.597
36121,40.419,19.499
36123,11.625,16.597
37001,57.682,82.648
37003,13.701,21.461
37005,4.93,8.793
37007,5.127,
37009,9.819,17.487
37011,3.566,16.852
37013,53.837,35.774
37015,38.839,11.176
37017,35.342,24.007
37019,208.861,119.82
37021,427.853,201.907
37023,55.051,48.236
37025,320.241,158.094
37027,38.2,46.11
37029,3.166,8.414
37031,41.858,58.937
37033,7.965,11.304
37035,236.718,102.448
37037,106.766,72.96
37039,10.702,17.213
37041,12.006,11.809
37043,8.604,8.507
37045,63.27,61.375
37047,26.432,10.558
37049,62.976,52.169
37051,118.086,193.275
37053,24.588,31.077
37055,151.343,61.272
37057,109.4,85.289
37059,64.392,35.157
37061,65.011,31.514
37063,479.264,272.249
37065,25.005,32.29
37067,566.65,254.357
37069,8.347,16.713
37071,194.321,143.984
37073,3.223,6.813
37075,5.764,6.713
37077,61.584,39.426
37079,19.547,2.814
37081,811.711,379.032
37083,53.548,32.43
37085,195.009,22.966
37087,39.772,47.693
37089,157.629,85.314
37091,13.021,13.871
37093,56.006,6.348
37095,4.874,7.506
37097,199.024,127.936
37099,30.565,34.27
37101,495.664,131.884
37103,3.276,6.796
37105,70.414,44.531
37107,57.69,37.309
37109,103.298,60.667
37111,11.788,23.531
37113,37.651,31.598
37115,12.415,12.723
37117,23.777,14.909
37119,1477.122,1030.471
37121,0.857,9.374
37123,25.917,19.77
37125,105.235,63.419
37127,50.884,53.619
37129,764.44,200.358
37131,16.431,4.357
37133,231.392,93.509
37135,182.753,155.548
37137,5.785,11.186
37139,42.133,23.584
37141,174.461,56.837
37143,13.774,8.189
37145,10.637,32.079
37147,157.457,91.415
37149,18.192,16.687
37151,70.035,77.67
37153,37.412,26.844
37155,36.695,55.621
37157,69.5,55.21
37159,87.735,86.248
37161,38.226,41.523
37163,53.887,13.626
37165,4.863,23.092
37167,27.5,33.775
37169,27.713,27.349
37171,56.689,34.196
37173,7.605,5.976
37175,3.944,32.358
37177,5.835,3.756
37179,402.88,190.061
37181,17.018,24.712
37183,2039.708,872.113
37185,15.298,19.97
37187,4.851,7.634
37189,39.074,31.717
37191,83.679,57.791
37193,46.783,40.105
37195,30.827,51.532
37197,30.298,21.976
37199,4.724,27.65
38001,,1.571
38003,0.696,6.649
38005,,2.343
38007,,2.198
38009,1.31,3.67
38011,0.092,0.478
38013,,1.961
38015,52.045,20.521
38017,126.327,37.731
38019,0.701,3.848
38021,0.75,3.816
38023,1.198,2.062
38025,,2.91
38027,,1.266
38029,,2.876
38031,0.048,2.17
38033,,0.701
38035,13.228,22.383
38037,,2.03
38039,0.022,4.931
38041,0.209,1.644
38043,,0.525
38045,0.07,2.944
38047,0.013,1.343
38049,,3.109
38051,,1.498
38053,52.018,7.631
38055,5.256,3.614
38057,,3.059
38059,0.749,14.512
38061,,4.122
38063,0.756,2.332
38065,0.262,1.302
38067,,4.453
38069,0.102,2.352
38071,0.327,5.344
38073,0.023,2.6
38075,,1.175
38077,1.215,8.476
38079,,1.883
38081,0.354,3.143
38083,,11.231
38085,,0.496
38087,,0.36
38089,1.762,16.379
38091,,2.707
38093,6.9,9.529
38095,,2.292
38097,8.449,6.364
38099,0.975,6.524
38101,47.595,20.357
38103,0.498,1.228
38105,10.552,14.133
39001,5.072,5.13
39003,31.473,11.468
39005,0.647,7.257
39007,26.273,16.376
39009,2.845,21.332
39011,1.171,6.7
39013,5.041,16.573
39015,1.572,4.034
39017,95.326,54.43
39019,3.307,4.658
39021,0.387,4.933
39023,9.077,20.927
39025,10.722,37.234
39027,8.853,7.789
39029,22.429,10.506
39031,1.491,7.993
39033,12.458,7.027
39035,1252.356,342.802
39037,6.108,5.875
39039,3.005,6.839
39041,93.904,30.341
39043,36.973,11.015
39045,23.138,27.079
39047,6.503,4.285
39049,416.341,416.877
39051,1.594,8.084
39053,8.827,3.629
39055,4.682,31.163
39057,162.833,38.757
39059,10.736,8.199
39061,1319.382,236.462
39063,11.216,11.872
39065,0.318,4.578
39067,1.186,8.511
39069,0.152,3.58
39071,3.827,5.115
39073,3.606,8.512
39075,8.228,6.517
39077,5.095,10.423
39079,2.01,3.273
39081,28.099,10.775
39083,10.055,16.52
39085,21.554,48.083
39087,2.507,4.879
39089,,27.107
39091,52.9,7.3
39093,16.665,49.738
39095,90.188,98.365
39097,2.145,5.936
39099,64.296,34.18
39101,18.435,2.773
39103,3.883,30.476
39105,1.199,3.214
39107,12.582,2.373
39109,,13.851
39111,17.038,2.673
39113,79.146,134.362
39115,1.685,2.046
39117,15.923,7.821
39119,,16.332
39121,2.394,3.716
39123,18.779,8.911
39125,5.212,3.377
39127,14.21,6.386
39129,5.511,7.767
39131,8.72,5.587
39133,33.4,26.893
39135,1.56,4.765
39137,2.731,6.248
39139,20.777,21.893
39141,6.463,11.5
39143,1.515,8.904
39145,28.532,8.48
39147,4.702,5.634
39149,2.769,6.712
39151,12.259,58.911
39153,108.91,124.719
39155,37.716,33.781
39157,5.504,11.049
39159,36.016,16.633
39161,6.531,4.172
39163,1.833,2.553
39165,31.263,11.077
39167,3.565,9.07
39169,7.686,15.798
39171,5.378,5.392
39173,6.146,27.933
39175,2.209,6.951
40001,,1.53
40003,2.091,1.24
40005,,1.192
40007,,1.657
40009,,4.099
40011,,1.372
40013,2.149,4.627
40015,,2.401
40017,4.081,16.047
40019,1.845,5.58
40021,,1.699
40023,,1.291
40025,,0.603
40027,,21.137
40031,95.598,8.955
40033,,0.603
40035,,7.63
40037,,8.284
40039,0.437,2.336
40041,,3.012
40043,,1.22
40045,,0.82
40049,,0.637
40051,,4.927
40053,,0.522
40055,6.267,0.812
40057,,4.217
40059,,0.727
40061,6.595,4.423
40063,,1.366
40065,0.18,1.985
40067,,0.442
40069,,0.987
40071,,5.214
40073,,17.481
40075,0.13,
40077,,5.362
40079,,4.023
40081,,33.234
40085,8.465,8.541
40087,,3.438
40089,,3.818
40091,,1.349
40093,,1.256
40095,,1.455
40099,13.66,1.192
40101,2.813,6.907
40103,,16.558
40105,,0.811
40107,,0.739
40109,38.69,84.762
40111,,1.782
40113,,4.09
40115,0.01,2.466
40117,,8.911
40119,,12.908
40121,3.796,4.07
40123,,3.042
40125,,4.619
40127,4.081,2.082
40129,,2.407
40131,,10.677
40133,,2.223
40135,,2.993
40137,,4.723
40139,0.368,
40141,2.735,0.467
40143,77.35,151.434
40145,,6.929
40147,,6.021
40149,11.765,1.697
40151,,15.613
40153,,2.62
41001,,5.541
41003,15.298,26.936
41005,290.181,163.582
41007,3.225,12.664
41009,16.775,12.509
41011,6.925,10.557
41013,0.391,7.874
41015,0.122,2.09
41017,58.611,61.253
41019,0.279,10.002
41021,1.749,4.135
41023,,1.836
41025,,2.624
41027,4.74,5.124
41029,26.267,41.407
41031,7.805,7.49
41033,,5.828
41035,0.08,12.918
41037,,4.05
41039,86.486,52.117
41041,2.592,23.599
41043,,33.842
41045,,5.769
41047,63.459,68.203
41049,2.391,7.554
41051,237.637,359.043
41053,2.077,14.008
41055,,4.206
41057,,14.869
41059,12.061,15.0
41061,3.32,5.14
41063,,2.147
41065,,11.845
41067,464.062,199.849
41071,7.609,21.444
42001,57.07,33.417
42003,841.195,353.901
42005,51.708,18.314
42007,135.268,48.172
42009,28.128,9.958
42011,209.284,139.797
42013,22.35,23.12
42015,1.76,11.468
42017,272.254,191.849
42019,40.11,43.24
42021,47.908,43.536
42023,0.187,1.761
42025,12.686,17.092
42027,30.68,27.001
42029,501.46,157.693
42031,5.427,8.197
42033,0.435,10.579
42035,21.422,12.184
42037,8.44,12.228
42039,10.537,22.772
42041,45.831,51.34
42043,,105.06
42045,310.062,171.942
42047,4.301,7.565
42049,70.305,73.241
42051,15.725,21.697
42053,0.053,1.663
42055,30.767,39.173
42057,4.477,4.899
42059,9.285,13.037
42061,6.891,8.83
42063,52.36,21.995
42065,22.926,9.783
42067,1.026,5.601
42069,217.234,80.162
42071,218.787,119.378
42073,36.795,25.022
42075,17.485,32.246
42077,115.467,110.888
42079,236.265,117.001
42081,54.153,32.295
42083,7.98,11.031
42085,23.905,29.952
42087,13.335,12.541
42089,44.44,46.528
42091,390.024,191.922
42093,0.13,4.171
42095,100.597,96.604
42097,29.371,17.989
42099,,10.093
42103,26.302,21.163
42105,0.068,5.611
42107,19.765,35.985
42109,1.63,8.974
42111,27.255,17.905
42113,1.713,2.421
42115,,8.242
42117,,12.265
42119,17.435,10.256
42121,3.801,11.497
42123,2.755,9.557
42125,21.173,41.12
42127,18.215,19.072
42129,105.534,81.977
42131,7.375,8.685
42133,258.241,140.372
45001,4.464,8.349
45003,97.289,56.697
45005,15.008,4.272
45007,10.91,48.423
45009,,5.261
45011,21.954,6.356
45013,191.421,97.751
45015,212.72,28.773
45017,1.791,6.215
45019,634.064,148.891
45021,5.34,11.807
45023,5.229,10.326
45025,12.941,15.123
45027,26.308,16.067
45029,35.223,18.008
45031,1.804,20.583
45033,,11.055
45035,122.082,47.453
45037,0.118,4.446
45039,28.218,26.262
45041,183.018,36.023
45043,66.416,51.898
45045,130.334,143.048
45047,,18.954
45049,8.97,10.212
45051,244.197,140.924
45053,44.184,18.547
45055,55.073,14.571
45057,41.744,29.695
45059,9.403,22.761
45061,3.968,5.014
45063,38.631,112.7
45065,,6.677
45067,16.262,10.4
45069,10.818,8.939
45071,10.183,20.851
45073,15.285,37.934
45075,87.655,32.921
45077,12.14,29.521
45079,158.793,150.126
45081,2.381,11.88
45083,98.376,104.285
45085,10.332,33.49
45087,5.201,12.225
45089,22.273,15.125
45091,151.29,97.44
46003,,1.873
46005,,5.888
46007,0.122,1.652
46009,,0.317
46011,1.278,11.382
46013,,14.104
46015,,1.96
46017,0.213,0.505
46019,,2.96
46021,,1.356
46023,,4.014
46025,0.056,2.655
46027,,4.691
46029,,7.667
46031,,1.287
46033,4.075,4.126
46035,1.815,6.185
46037,,3.169
46039,,2.639
46041,0.15,1.345
46043,0.404,1.78
46045,,2.892
46047,0.001,3.075
46049,6.858,2.867
46051,0.795,4.137
46053,,2.734
46055,,1.27
46057,,2.319
46059,,2.194
46061,4.624,1.82
46063,,1.347
46065,7.62,9.552
46067,,2.804
46069,,1.47
46071,,0.862
46073,1.867,1.524
46075,,0.839
46077,,2.289
46079,0.123,4.009
46081,,9.738
46083,13.506,10.264
46085,,2.26
46087,0.042,3.495
46089,,1.766
46091,0.472,3.369
46093,2.076,9.79
46095,,0.877
46097,,2.74
46099,30.701,47.649
46101,,3.239
46102,,0.28
46103,64.341,38.001
46105,,1.825
46107,,3.289
46109,9.168,3.88
46111,0.282,2.054
46115,0.284,3.241
46117,,1.617
46119,0.54,2.335
46121,,0.684
46123,,3.075
46125,1.123,5.037
46127,0.665,6.255
46129,,2.099
46135,8.006,6.624
46137,0.428,0.8
47001,52.841,31.485
47003,50.186,13.822
47005,13.873,6.452
47007,18.473,3.304
47009,853.938,51.198
47011,56.03,37.693
47013,39.093,13.587
47015,5.454,3.724
47017,,5.476
47019,25.974,14.568
47021,2.047,22.067
47023,8.78,4.065
47025,4.613,13.729
47027,5.211,2.313
47029,30.454,9.849
47031,73.78,23.592
47033,8.238,4.717
47035,47.205,20.488
47039,13.55,3.562
47041,7.383,6.245
47043,40.568,28.01
47045,36.139,12.516
47047,30.203,10.19
47049,3.719,6.261
47051,23.983,20.492
47053,15.37,7.826
47055,2.297,10.608
47057,2.41,8.523
47059,,17.404
47061,12.917,4.604
47063,27.23,27.172
47065,468.96,278.446
47067,13.627,1.736
47069,24.104,8.119
47071,53.994,12.336
47073,72.566,22.673
47075,15.802,9.935
47077,29.13,7.388
47079,35.268,9.253
47081,24.843,9.519
47083,10.147,2.39
47085,1.594,8.372
47087,8.859,4.588
47089,82.734,17.089
47091,11.514,3.627
47093,680.334,334.583
47095,4.401,1.391
47097,7.018,10.479
47099,30.19,15.679
47101,0.755,2.72
47103,17.199,8.831
47105,21.333,27.841
47107,,10.988
47109,6.136,8.38
47111,13.051,6.016
47113,304.005,48.483
47115,30.082,9.636
47117,33.385,15.6
47119,147.295,38.437
47121,1.486,3.528
47123,53.243,18.823
47125,306.434,114.851
47129,17.844,8.982
47131,11.699,8.929
47133,13.215,6.798
47135,5.522,3.065
47137,0.031,2.641
47139,13.131,7.873
47141,133.41,43.747
47143,18.173,14.229
47145,37.587,23.334
47147,92.379,37.948
47149,404.592,146.7
47151,29.768,5.035
47153,5.854,4.918
47155,135.456,96.703
47157,1016.574,459.389
47159,24.234,5.97
47161,24.55,5.467
47163,,56.378
47165,158.01,85.643
47167,15.393,16.636
47171,21.366,6.151
47173,10.904,4.738
47175,2.402,2.098
47177,18.722,12.651
47179,171.56,47.007
47181,28.229,4.52
47183,13.062,9.842
47185,8.359,7.073
47187,610.656,250.739
47189,358.111,53.114
48001,1.63,16.1
48003,65.05,25.711
48005,4.18,17.536
48007,16.21,12.924
48009,4.873,2.964
48011,1.922,1.625
48013,2.465,17.171
48015,4.55,13.407
48017,2.696,3.18
48019,9.48,14.132
48021,56.757,31.69
48023,,1.327
48025,4.905,8.056
48027,127.275,67.457
48029,2665.705,754.479
48031,6.23,4.359
48033,1.883,2.161
48035,,20.178
48037,35.468,18.245
48039,78.93,116.481
48041,85.975,69.731
48043,3.75,2.246
48045,,1.682
48047,4.054,5.772
48049,5.325,13.622
48051,4.485,8.017
48053,20.625,19.34
48055,8.115,13.633
48057,7.205,16.89
48059,,2.953
48061,115.872,66.171
48063,,3.557
48065,0.396,6.642
48067,6.581,9.042
48069,,2.774
48071,55.175,43.814
48073,,14.736
48075,0.43,2.276
48077,,4.881
48079,,3.139
48081,,2.359
48083,0.091,3.324
48085,398.59,219.544
48087,,3.289
48089,5.445,9.892
48091,58.54,43.633
48093,0.995,5.287
48095,,2.992
48097,7.7,17.54
48099,1.514,12.062
48101,1.272,1.258
48103,,9.016
48105,,14.107
48107,0.608,1.366
48109,,3.268
48111,0.392,3.166
48113,987.323,982.731
48115,,5.917
48117,0.214,7.372
48119,0.546,1.226
48121,610.197,186.513
48123,,33.731
48125,,2.047
48127,2.24,4.515
48129,,1.925
48131,0.679,8.095
48133,1.897,4.262
48135,11.435,46.39
48137,2.372,2.17
48139,45.782,35.068
48141,576.83,264.856
48143,4.198,12.603
48145,0.35,6.348
48147,,9.409
48149,0.666,11.439
48151,0.4,0.898
48153,,2.315
48155,,0.985
48157,817.1,270.972
48159,0.681,5.936
48161,,8.077
48163,,5.209
48165,,24.966
48167,238.628,133.954
48169,0.463,2.797
48171,,9.629
48173,0.139,0.312
48175,0.779,1.751
48177,2.044,12.616
48179,0.525,9.014
48181,43.85,35.513
48183,,21.975
48185,0.332,14.047
48187,9.0,40.568
48189,2.5,9.497
48191,,1.264
48193,,5.28
48195,0.561,1.261
48197,0.412,0.925
48199,2.95,16.47
48201,4806.485,2519.721
48203,5.226,25.249
48205,0.166,2.553
48207,,2.589
48209,356.63,70.285
48211,,13.143
48213,,26.807
48215,338.275,209.574
48217,5.965,11.682
48219,9.465,16.348
48221,20.368,22.765
48223,2.964,10.826
48225,12.505,5.937
48227,9.395,12.342
48229,0.454,1.02
48231,5.98,26.251
48233,,11.416
48235,,6.138
48237,0.91,2.045
48239,0.395,6.748
48241,0.255,14.196
48243,,1.571
48245,36.07,80.401
48247,0.45,5.463
48249,1.585,13.154
48251,31.86,49.309
48253,,4.769
48255,1.362,5.019
48257,84.797,37.66
48259,8.598,18.815
48261,,0.198
48263,,4.213
48265,29.11,19.389
48267,,1.667
48269,,2.738
48271,,1.496
48273,4.525,11.516
48275,,1.351
48277,3.951,11.809
48279,,9.288
48281,6.685,8.089
48283,0.781,1.756
48285,1.16,9.598
48287,8.55,10.421
48289,2.596,3.943
48291,12.845,29.284
48293,14.04,15.339
48295,,5.252
48297,1.254,2.818
48299,1.665,11.931
48301,0.014,0.031
48303,86.447,82.406
48305,0.838,2.635
48307,1.378,2.836
48309,64.61,69.083
48311,0.08,0.18
48313,2.06,6.198
48315,,3.698
48317,,1.048
48319,0.219,2.215
48321,0.525,15.541
48323,61.7,13.32
48325,,14.039
48327,0.66,1.411
48329,21.6,31.581
48331,5.934,13.411
48333,8.112,3.735
48335,0.155,4.529
48337,0.23,7.687
48339,426.47,234.004
48341,1.165,11.131
48343,,2.785
48345,,0.763
48347,8.295,16.76
48349,1.05,20.553
48351,8.869,5.856
48353,0.477,8.007
48355,110.428,108.949
48357,,8.36
48359,,1.333
48361,,29.802
48363,0.81,10.023
48365,,21.146
48367,92.16,41.986
48369,,16.47
48371,1.275,19.866
48373,24.749,19.209
48375,24.445,46.541
48377,1.6,3.925
48379,1.544,4.695
48381,43.77,34.8
48383,0.375,8.387
48385,,1.977
48387,0.184,3.338
48389,59.33,14.635
48391,,2.084
48393,,4.694
48395,0.543,7.119
48397,110.61,33.323
48399,0.77,4.559
48401,8.195,19.023
48403,1.078,2.422
48405,0.38,3.145
48407,0.932,9.342
48409,24.09,25.299
48411,,2.536
48413,,0.778
48415,25.345,17.496
48417,0.343,0.77
48419,2.629,5.906
48421,,3.377
48423,23.465,52.718
48425,12.559,14.258
48427,3.4,17.988
48429,7.09,8.211
48431,2.955,3.25
48433,,2.044
48435,,1.684
48437,0.035,2.391
48439,386.67,694.577
48441,,39.312
48443,,3.503
48445,,8.158
48447,0.157,0.353
48449,156.632,15.038
48451,50.0,30.789
48453,731.864,721.63
48455,1.318,4.858
48457,0.037,10.725
48459,0.013,10.615
48461,0.377,0.848
48463,0.796,8.407
48465,32.445,12.378
48467,8.255,12.537
48469,37.203,27.147
48471,19.372,15.698
48473,0.72,20.981
48475,,18.07
48477,3.564,13.419
48479,65.762,80.3
48481,2.239,15.295
48483,0.552,1.24
48485,7.55,36.667
48487,,5.042
48489,89.926,9.78
48491,945.655,226.729
48493,0.513,12.317
48495,16.341,13.315
48497,37.255,32.09
48499,,15.961
48501,0.883,1.983
48503,4.693,6.425
48505,33.798,11.413
48507,1.263,2.863
49001,7.151,4.414
49003,0.195,16.373
49005,0.31,12.975
49007,0.462,5.52
49009,2.338,1.118
49011,64.422,52.107
49013,9.908,9.508
49015,4.114,10.298
49017,1.3,0.774
49019,11.819,3.824
49021,5.494,15.53
49023,5.987,2.529
49025,9.581,6.024
49027,0.209,9.502
49029,0.861,2.001
49031,0.406,0.219
49033,1.41,1.464
49035,503.647,302.267
49037,3.365,2.602
49039,2.797,2.257
49041,9.706,6.229
49043,174.585,31.692
49045,,6.475
49047,0.905,14.216
49049,318.051,46.728
49051,16.432,12.405
49053,27.991,23.877
49055,1.119,0.71
49057,95.575,43.862
50001,0.019,0.183
50003,,0.426
50005,,0.345
50007,0.72,0.973
50009,,0.217
50011,0.021,0.419
50013,,0.244
50015,0.026,0.421
50017,0.156,0.757
50019,,0.343
50021,0.261,0.553
50023,0.04,0.498
51001,34.826,33.789
51003,134.664,167.327
51005,12.983,10.696
51007,5.528,8.222
51009,12.395,23.736
51011,24.047,12.578
51013,1120.966,863.057
51015,59.776,56.385
51017,8.905,11.597
51019,39.333,66.168
51021,14.909,4.608
51023,39.721,39.165
51025,10.205,14.258
51027,4.654,23.467
51029,45.589,15.139
51031,35.738,39.591
51033,53.458,36.835
51035,34.974,20.528
51036,4.217,11.01
51037,0.206,8.702
51041,168.346,419.894
51043,36.887,19.982
51045,3.567,3.745
51047,82.627,60.824
51049,33.145,9.19
51051,11.897,15.197
51053,45.643,30.644
51057,1.559,14.642
51059,4516.194,3120.552
51061,83.288,136.699
51063,15.224,10.671
51065,93.987,33.035
51067,26.184,56.11
51069,147.78,112.671
51071,59.807,14.883
51073,50.3,43.091
51075,99.227,39.7
51077,1.289,10.216
51079,35.197,19.868
51081,39.89,8.232
51083,64.553,26.818
51085,161.649,144.598
51087,740.285,402.026
51089,55.998,24.345
51091,0.554,3.318
51093,215.964,53.895
51095,187.28,128.094
51097,1.21,7.04
51099,81.77,23.442
51101,20.497,18.835
51103,11.331,17.498
51105,3.663,10.881
51107,1071.198,1134.525
51109,12.42,58.261
51111,10.211,9.985
51113,11.513,15.224
51115,4.653,9.243
51117,6.557,29.706
51119,19.407,15.973
51121,138.878,88.917
51125,22.668,24.289
51127,47.977,28.378
51131,1.671,20.38
51133,35.652,19.054
51135,2.761,8.333
51137,87.619,40.876
51139,57.818,19.415
51141,69.798,11.85
51143,104.591,36.433
51145,128.463,39.177
51147,4.798,12.849
51149,30.645,33.879
51153,1155.548,780.642
51155,46.912,26.298
51157,2.92,13.232
51159,2.328,8.483
51161,169.34,114.53
51163,65.556,25.061
51165,85.281,81.46
51167,14.977,17.419
51169,3.787,11.908
51171,41.884,42.564
51173,64.499,17.391
51175,63.522,20.53
51177,392.621,166.917
51179,569.666,244.151
51181,13.964,24.863
51183,20.39,10.208
51185,10.982,24.605
51187,139.596,45.973
51191,40.79,36.357
51193,14.648,17.089
51195,71.802,25.81
51197,30.116,20.059
51199,116.593,153.683
53001,9.451,5.218
53003,34.989,4.927
53005,17.891,27.594
53007,42.651,20.075
53009,26.112,17.412
53011,140.904,106.578
53013,5.239,2.907
53015,140.887,27.839
53017,19.515,11.621
53019,4.932,2.525
53021,44.527,12.623
53023,2.9,1.535
53025,85.417,26.42
53027,11.119,15.995
53029,16.321,17.875
53031,20.44,12.142
53033,4854.725,837.835
53035,162.212,60.162
53037,31.009,13.181
53039,15.35,9.707
53041,15.816,23.154
53043,11.98,4.028
53045,54.747,18.977
53047,30.241,9.824
53049,17.309,7.876
53051,8.266,3.91
53053,421.822,200.92
53055,27.404,10.263
53057,106.176,48.685
53059,6.376,4.974
53061,408.463,151.668
53063,380.475,82.003
53065,37.095,11.628
53067,185.785,69.709
53069,5.064,1.134
53071,14.193,15.987
53073,2.979,48.576
53075,13.777,8.276
53077,103.0,40.569
54001,1.642,2.336
54003,33.707,19.328
54005,,7.963
54007,,2.355
54009,,5.416
54011,5.855,23.249
54013,,1.32
54015,,1.346
54017,,4.795
54019,1.98,10.378
54021,,1.557
54023,0.708,5.232
54025,4.76,8.569
54027,0.894,6.398
54029,,5.633
54031,,4.148
54033,55.693,25.332
54035,0.75,8.307
54037,0.54,13.055
54039,9.197,47.879
54041,5.051,5.043
54043,,3.409
54045,,9.329
54047,,4.404
54049,,13.781
54051,,11.218
54053,,4.899
54055,4.195,8.686
54057,0.028,6.182
54059,,6.593
54061,56.873,26.088
54063,0.1,0.071
54065,5.489,3.985
54067,1.707,4.877
54069,149.385,12.943
54071,,1.558
54073,,3.101
54075,,2.889
54077,1.037,6.11
54079,21.565,11.932
54081,9.695,21.105
54083,,5.523
54085,,4.501
54087,,2.227
54089,0.387,2.256
54091,0.297,5.43
54093,10.848,2.925
54095,,2.451
54097,3.324,5.282
54099,1.589,6.725
54101,7.327,1.494
54103,3.507,11.791
54105,,0.961
54107,5.055,14.085
54109,,4.385
55001,8.385,17.214
55003,0.581,6.533
55005,16.98,19.135
55007,4.28,9.584
55009,121.636,82.858
55011,1.873,6.031
55013,7.292,9.244
55015,17.725,17.222
55017,7.165,17.022
55019,2.729,14.329
55021,60.786,25.054
55023,6.16,8.116
55025,321.075,160.147
55027,33.13,32.421
55029,9.54,26.761
55031,30.713,16.42
55033,38.165,20.541
55035,78.976,28.62
55037,2.225,4.059
55039,59.61,41.281
55041,0.926,5.368
55043,4.499,11.141
55045,12.795,14.694
55047,17.31,13.925
55049,2.509,10.462
55051,2.552,4.312
55053,3.89,10.075
55055,15.659,28.401
55057,12.54,11.797
55059,118.97,63.373
55061,14.27,10.951
55063,107.237,32.483
55065,3.482,7.066
55067,1.243,9.007
55069,17.81,13.472
55071,20.365,28.355
55073,11.902,46.886
55075,30.24,16.082
55077,13.461,11.701
55078,1.48,2.654
55079,782.95,282.414
55081,25.02,17.545
55083,23.75,19.038
55085,15.0,15.769
55087,44.66,64.719
55089,29.635,20.043
55091,0.546,4.071
55093,24.675,16.981
55095,8.71,21.81
55097,9.46,26.053
55099,1.243,7.769
55101,56.146,51.966
55103,25.31,6.599
55105,42.37,64.639
55107,11.412,7.097
55109,34.305,29.957
55111,18.225,30.013
55113,1.505,10.331
55115,2.631,15.017
55117,32.73,47.538
55119,4.635,10.667
55121,33.126,10.232
55123,5.315,10.153
55125,10.68,15.357
55127,18.15,63.664
55129,5.081,10.545
55131,9.465,34.762
55133,78.13,103.58
55135,29.635,24.64
55137,3.875,15.901
55139,31.095,63.719
55141,22.009,22.688
56001,2.325,5.053
56003,2.529,2.598
56005,2.64,55.748
56007,,7.674
56009,4.81,18.238
56011,,3.841
56013,0.007,10.837
56015,,2.891
56017,,1.687
56019,,8.138
56021,1.345,27.279
56023,,11.032
56025,5.39,14.371
56027,,1.443
56029,,15.535
56031,3.625,1.26
56033,3.502,4.718
56035,,49.956
56037,32.838,27.381
56039,2.098,11.695
56041,,9.106
56043,,1.478
56045,,2.872
