county_fips,year,n_dc_active,mw_total
01053,2018,1,0.2
01053,2019,1,0.2
01053,2020,1,0.2
01053,2021,1,0.2
01053,2022,1,0.2
01053,2023,1,0.2
01053,2024,1,0.2
01053,2025,1,0.2
01071,2019,1,40.0
01071,2020,2,80.0
01071,2021,2,80.0
01071,2022,2,80.0
01071,2023,2,80.0
01071,2024,2,80.0
01071,2025,2,80.0
01073,2018,3,0.65
01073,2019,4,3.35
01073,2020,4,3.35
01073,2021,4,4.3500000000000005
01073,2022,4,4.3500000000000005
01073,2023,4,4.3500000000000005
01073,2024,4,4.3500000000000005
01073,2025,3,4.3
01075,2018,1,1.5
01075,2019,1,1.5
01075,2020,1,1.5
01075,2021,1,1.5
01075,2022,1,1.5
01075,2023,1,1.5
01075,2024,1,1.5
01075,2025,1,1.5
01081,2022,1,1.5
01081,2023,1,1.5
01081,2024,1,1.5
01081,2025,1,1.5
01089,2018,3,0.35
01089,2019,3,0.35
01089,2020,3,0.35
01089,2021,5,80.35
01089,2022,5,80.35
01089,2023,6,160.35
01089,2024,8,280.35
01089,2025,10,440.35
01097,2018,1,0.3
01097,2019,1,0.3
01097,2020,1,0.3
01097,2021,1,0.3
01097,2022,1,0.3
01097,2023,1,0.3
01097,2024,1,0.3
01097,2025,1,0.3
01101,2018,1,0.198
01101,2019,1,0.198
01101,2020,1,0.198
01101,2021,1,0.198
01101,2022,1,0.198
01101,2023,1,0.198
01101,2024,1,0.198
01101,2025,1,0.198
02020,2018,2,0.3
02020,2019,2,0.3
02020,2020,2,0.3
02020,2021,2,0.3
02020,2022,2,0.3
02020,2023,2,0.3
02020,2024,2,0.3
02020,2025,2,0.3
04013,2018,54,426.9086947
04013,2019,50,464.04647470000003
04013,2020,53,490.79647470000003
04013,2021,56,606.9674747
04013,2022,61,792.8488747
04013,2023,67,1104.0158747
04013,2024,78,1611.9556747
04013,2025,90,2042.7420747
04019,2018,7,3.8059987
04019,2019,7,3.8059987
04019,2020,7,3.8059987
04019,2021,7,3.8059987
04019,2022,7,3.8059987
04019,2023,7,3.8059987
04019,2024,9,16.9279987
04019,2025,9,16.9279987
04023,2019,1,0.035
04023,2020,1,0.035
04023,2021,1,0.035
04023,2022,1,0.035
04023,2023,1,0.035
04023,2024,1,0.035
04023,2025,1,0.035
05119,2018,3,1.29608
05119,2019,3,1.29608
05119,2020,3,1.29608
05119,2021,3,1.29608
05119,2022,3,1.29608
05119,2023,3,1.29608
05119,2024,3,1.29608
05119,2025,3,1.29608
06001,2018,12,49.63681
06001,2019,12,49.63681
06001,2020,13,64.5388
06001,2021,12,63.788799999999995
06001,2022,12,63.788799999999995
06001,2023,12,63.788799999999995
06001,2024,12,63.788799999999995
06001,2025,12,63.788799999999995
06007,2024,1,4.37676
06007,2025,1,4.37676
06013,2018,1,1.0914000000000001
06013,2019,1,1.0914000000000001
06013,2020,1,1.0914000000000001
06013,2021,1,1.0914000000000001
06013,2022,1,1.0914000000000001
06013,2023,1,1.0914000000000001
06013,2024,1,1.0914000000000001
06013,2025,1,1.0914000000000001
06019,2018,1,0.3
06019,2019,1,0.3
06019,2020,1,0.3
06019,2021,1,0.3
06019,2022,1,0.3
06019,2023,1,0.3
06019,2024,1,0.3
06019,2025,1,0.3
06029,2018,1,0.3
06029,2019,1,0.3
06029,2020,1,0.3
06029,2021,1,0.3
06029,2022,1,0.3
06029,2023,1,0.3
06029,2024,1,0.3
06029,2025,1,0.3
06037,2018,79,316.0827
06037,2019,78,318.9097
06037,2020,79,331.6337
06037,2021,77,347.98437
06037,2022,77,355.78037
06037,2023,77,361.81437
06037,2024,78,381.23437
06037,2025,78,384.15437
06045,2018,1,0.3
06045,2019,1,0.3
06045,2020,1,0.3
06045,2021,1,0.3
06045,2022,1,0.3
06045,2023,1,0.3
06045,2024,1,0.3
06045,2025,1,0.3
06059,2018,22,66.46865149999999
06059,2019,22,66.46865149999999
06059,2020,22,69.1956515
06059,2021,22,73.1536515
06059,2022,22,79.5616515
06059,2023,22,80.6416515
06059,2024,22,80.6416515
06059,2025,22,80.6416515
06061,2018,2,1.98
06061,2019,2,1.98
06061,2020,2,1.98
06061,2021,2,1.98
06061,2022,2,1.98
06061,2023,2,1.98
06061,2024,2,1.98
06061,2025,2,1.98
06065,2018,3,1.695
06065,2019,3,1.695
06065,2020,3,1.695
06065,2021,3,1.695
06065,2022,3,1.695
06065,2023,3,1.695
06065,2024,3,1.695
06065,2025,3,1.695
06067,2018,16,82.33270519999999
06067,2019,18,99.70696
06067,2020,18,99.70696
06067,2021,18,99.70696
06067,2022,18,99.70696
06067,2023,18,99.70696
06067,2024,18,99.70696
06067,2025,18,99.70696
06071,2018,2,7.721500000000001
06071,2019,2,7.721500000000001
06071,2020,2,7.721500000000001
06071,2021,2,7.721500000000001
06071,2022,2,7.721500000000001
06071,2023,2,7.721500000000001
06071,2024,2,7.721500000000001
06071,2025,2,7.721500000000001
06073,2018,28,32.83
06073,2019,28,32.83
06073,2020,28,34.21
06073,2021,28,34.21
06073,2022,28,40.96
06073,2023,29,41.36
06073,2024,29,41.36
06073,2025,29,41.36
06075,2018,9,72.36662
06075,2019,7,55.18877
06075,2020,7,55.18877
06075,2021,7,55.18877
06075,2022,7,55.18877
06075,2023,7,55.18877
06075,2024,7,55.18877
06075,2025,7,55.18877
06077,2018,1,6.67212
06077,2019,1,6.67212
06077,2020,1,6.67212
06077,2021,1,6.67212
06077,2022,1,6.67212
06077,2023,1,6.67212
06077,2024,1,6.67212
06077,2025,1,6.67212
06079,2018,2,2.25
06079,2019,2,2.25
06079,2020,2,2.25
06079,2021,2,2.25
06079,2022,2,2.25
06079,2023,2,2.25
06079,2024,2,2.25
06079,2025,2,2.25
06081,2018,1,1.788
06081,2019,1,1.788
06081,2020,1,1.788
06081,2021,1,1.788
06081,2022,1,1.788
06081,2023,1,1.788
06081,2024,1,1.788
06081,2025,1,1.788
06083,2018,1,0.3
06083,2019,1,0.3
06083,2020,1,0.3
06083,2021,1,0.3
06083,2022,1,0.3
06083,2023,1,0.3
06083,2024,1,0.3
06083,2025,1,0.3
06085,2018,82,504.5289773
06085,2019,82,513.5407618
06085,2020,84,545.7613662
06085,2021,88,595.2770608
06085,2022,93,684.4080608
06085,2023,93,721.46693
06085,2024,98,887.284056
06085,2025,101,1002.016259
06099,2018,2,0.52
06099,2019,2,0.52
06099,2020,2,0.52
06099,2021,2,0.52
06099,2022,2,0.52
06099,2023,2,0.52
06099,2024,2,0.52
06099,2025,2,0.52
06113,2018,1,0.035
06113,2019,1,0.035
06113,2020,1,0.035
06113,2021,1,0.035
06113,2022,1,0.035
06113,2023,1,0.035
06113,2024,1,0.035
06113,2025,1,0.035
08001,2018,3,10.153
08001,2019,3,10.153
08001,2020,3,10.153
08001,2021,3,10.153
08001,2022,3,10.153
08001,2023,3,10.153
08001,2024,3,10.153
08001,2025,3,10.153
08005,2018,13,82.52499999999999
08005,2019,14,85.02499999999999
08005,2020,14,85.02499999999999
08005,2021,14,85.02499999999999
08005,2022,14,85.02499999999999
08005,2023,14,85.02499999999999
08005,2024,14,85.02499999999999
08005,2025,14,85.02499999999999
08013,2018,3,1.4140000000000001
08013,2019,3,1.4140000000000001
08013,2020,3,1.4140000000000001
08013,2021,3,1.4140000000000001
08013,2022,3,1.4140000000000001
08013,2023,3,1.4140000000000001
08013,2024,3,1.4140000000000001
08013,2025,3,1.4140000000000001
08031,2018,18,27.924
08031,2019,17,30.102999999999998
08031,2020,17,30.102999999999998
08031,2021,17,30.102999999999998
08031,2022,17,30.102999999999998
08031,2023,17,30.102999999999998
08031,2024,17,30.102999999999998
08031,2025,17,30.102999999999998
08035,2018,10,67.748
08035,2019,10,68.22800000000001
08035,2020,10,68.22800000000001
08035,2021,10,68.708
08035,2022,10,68.708
08035,2023,10,68.708
08035,2024,10,68.708
08035,2025,10,68.708
08041,2018,4,0.24100000000000002
08041,2019,4,0.24100000000000002
08041,2020,4,0.24100000000000002
08041,2021,5,6.210999999999999
08041,2022,5,6.210999999999999
08041,2023,5,6.210999999999999
08041,2024,5,6.210999999999999
08041,2025,5,6.210999999999999
08059,2018,2,4.0920000000000005
08059,2019,2,4.0920000000000005
08059,2020,2,4.0920000000000005
08059,2021,2,4.0920000000000005
08059,2022,2,4.0920000000000005
08059,2023,2,4.0920000000000005
08059,2024,2,4.0920000000000005
08059,2025,2,4.0920000000000005
08069,2018,1,0.729
08069,2019,1,0.729
08069,2020,1,0.729
08069,2021,1,0.729
08069,2022,1,0.729
08069,2023,1,0.729
08069,2024,1,0.729
08069,2025,1,0.729
08077,2018,1,0.146
08077,2019,1,0.146
08077,2020,1,0.146
08077,2021,1,0.146
08077,2022,1,0.146
08077,2023,1,0.146
08077,2024,1,0.146
08077,2025,1,0.146
08085,2022,1,10.0
08085,2023,1,10.0
08085,2024,1,10.0
08085,2025,1,10.0
09110,2018,2,0.135
09110,2019,2,0.135
09110,2020,2,0.135
09110,2021,2,0.135
09110,2022,2,0.135
09110,2023,2,0.135
09110,2024,2,0.135
09110,2025,2,0.135
09120,2018,1,6.30504
09120,2019,1,6.30504
09120,2020,1,6.30504
09120,2021,1,6.30504
09120,2022,1,6.9
09120,2023,1,6.9
09120,2024,1,6.9
09120,2025,1,6.9
09140,2018,2,2.192
09140,2019,2,2.192
09140,2020,2,2.192
09140,2021,2,2.192
09140,2022,2,2.192
09140,2023,2,2.192
09140,2024,2,2.192
09140,2025,2,2.192
09170,2018,2,1.8
09170,2019,2,1.8
09170,2020,2,1.8
09170,2021,2,1.8
09170,2022,2,1.8
09170,2023,2,1.8
09170,2024,2,1.8
09170,2025,2,1.8
09190,2018,4,6.1726014
09190,2019,4,6.1726014
09190,2020,5,6.472601399999999
09190,2021,5,6.668879899999999
09190,2022,5,13.496609900000001
09190,2023,5,15.7475099
09190,2024,5,15.7475099
09190,2025,5,15.7475099
10003,2018,1,3.5
10003,2019,1,3.5
10003,2020,1,3.5
10003,2021,1,3.5
10003,2022,1,3.5
10003,2023,1,3.5
10003,2024,2,8.5
10003,2025,2,8.5
11001,2018,11,7.7927100000000005
11001,2019,12,11.91266
11001,2020,12,11.91266
11001,2021,12,11.91266
11001,2022,12,11.91266
11001,2023,12,11.91266
11001,2024,12,11.91266
11001,2025,11,10.71266
12009,2018,2,1.3
12009,2019,2,1.3
12009,2020,2,1.3
12009,2021,2,1.3
12009,2022,2,1.3
12009,2023,2,1.3
12009,2024,2,1.3
12009,2025,2,1.3
12011,2018,8,8.33468
12011,2019,8,8.33468
12011,2020,8,9.334679999999999
12011,2021,8,9.334679999999999
12011,2022,8,9.334679999999999
12011,2023,8,9.334679999999999
12011,2024,8,9.334679999999999
12011,2025,8,9.334679999999999
12031,2018,11,24.05
12031,2019,11,24.05
12031,2020,11,24.05
12031,2021,11,24.05
12031,2022,11,24.05
12031,2023,11,24.05
12031,2024,11,24.05
12031,2025,11,24.05
12033,2018,1,0.05
12033,2019,1,0.05
12033,2020,1,0.05
12033,2021,1,0.05
12033,2022,1,0.05
12033,2023,1,0.05
12033,2024,1,0.05
12033,2025,1,0.05
12057,2018,20,26.40076
12057,2019,20,26.52576
12057,2020,20,26.86976
12057,2021,21,29.86976
12057,2022,21,29.86976
12057,2023,21,29.86976
12057,2024,21,30.86976
12057,2025,21,30.86976
12071,2018,1,0.3
12071,2019,1,0.3
12071,2020,1,0.3
12071,2021,1,0.3
12071,2022,1,0.3
12071,2023,1,0.3
12071,2024,1,0.3
12071,2025,1,0.3
12073,2018,4,1.3659999999999999
12073,2019,4,1.3659999999999999
12073,2020,4,1.3659999999999999
12073,2021,4,1.3659999999999999
12073,2022,4,1.3659999999999999
12073,2023,4,1.3659999999999999
12073,2024,4,1.3659999999999999
12073,2025,4,1.3659999999999999
12086,2018,27,103.292
12086,2019,27,104.792
12086,2020,27,104.792
12086,2021,27,104.7919744
12086,2022,27,104.7919744
12086,2023,27,104.7919744
12086,2024,27,105.0949744
12086,2025,27,110.07707260000001
12095,2018,8,13.216000000000001
12095,2019,8,13.216000000000001
12095,2020,8,13.216000000000001
12095,2021,8,13.216000000000001
12095,2022,8,13.216000000000001
12095,2023,8,13.216000000000001
12095,2024,9,15.916
12095,2025,9,15.916
12097,2018,1,1.0
12097,2019,1,1.0
12097,2020,1,1.0
12097,2021,1,1.0
12097,2022,1,1.0
12097,2023,1,1.0
12097,2024,1,1.0
12097,2025,1,1.0
12099,2018,5,6.543
12099,2019,5,6.543
12099,2020,5,6.543
12099,2021,5,6.543
12099,2022,5,6.543
12099,2023,5,6.543
12099,2024,5,6.543
12099,2025,5,6.543
12103,2018,1,0.752
12103,2019,1,0.752
12103,2020,1,0.752
12103,2021,1,0.752
12103,2022,1,0.752
12103,2023,1,0.752
12103,2024,1,0.752
12103,2025,1,0.752
12105,2018,2,2.4
12105,2019,2,2.4
12105,2020,2,2.4
12105,2021,2,3.5999999999999996
12105,2022,2,3.5999999999999996
12105,2023,2,3.5999999999999996
12105,2024,2,3.5999999999999996
12105,2025,2,3.5999999999999996
12127,2018,1,0.3
12127,2019,1,0.3
12127,2020,1,0.3
12127,2021,1,0.3
12127,2022,1,0.3
12127,2023,1,0.3
12127,2024,1,0.3
12127,2025,1,0.3
13015,2025,1,19.876330000000003
13021,2022,1,31.0
13021,2023,1,31.0
13021,2024,1,31.0
13021,2025,1,31.0
13045,2018,1,0.4
13045,2019,1,0.4
13045,2020,1,0.4
13045,2021,1,0.4
13045,2022,1,0.4
13045,2023,1,0.4
13045,2024,1,0.4
13045,2025,1,0.4
13067,2018,7,15.778
13067,2019,7,15.778
13067,2020,7,15.778
13067,2021,7,15.778
13067,2022,7,15.778
13067,2023,7,15.778
13067,2024,7,15.778
13067,2025,7,15.778
13075,2019,1,270.0
13075,2020,1,270.0
13075,2021,1,270.0
13075,2022,1,270.0
13075,2023,1,270.0
13075,2024,1,270.0
13075,2025,1,270.0
13077,2025,1,13.33337
13089,2018,2,0.75
13089,2019,2,0.75
13089,2020,2,0.75
13089,2021,2,0.75
13089,2022,2,0.75
13089,2023,2,0.75
13089,2024,2,0.75
13089,2025,2,0.75
13097,2018,6,411.03871000000004
13097,2019,7,420.976875
13097,2020,7,420.976875
13097,2021,7,420.976875
13097,2022,7,430.91504000000003
13097,2023,9,458.29137000000003
13097,2024,10,493.1677
13097,2025,13,563.61326
13121,2018,45,171.0914276
13121,2019,48,187.8103821
13121,2020,43,226.2032036
13121,2021,42,231.9754036
13121,2022,42,238.8325864
13121,2023,42,242.03958
13121,2024,45,283.1020799
13121,2025,49,502.8330698
13135,2018,10,50.933559
13135,2019,10,52.33396
13135,2020,10,53.439009999999996
13135,2021,11,71.13901
13135,2022,11,71.13901
13135,2023,11,82.16282
13135,2024,11,91.16282
13135,2025,10,88.73083
13145,2022,1,14.0
13145,2023,1,14.0
13145,2024,1,14.0
13145,2025,1,14.0
13153,2018,1,0.05
13153,2019,1,0.05
13153,2020,1,0.05
13153,2021,1,0.05
13153,2022,1,0.05
13153,2023,1,0.05
13153,2024,1,0.05
13153,2025,1,0.05
13157,2022,1,18.0
13157,2023,1,18.0
13157,2024,1,18.0
13157,2025,1,18.0
13185,2018,1,0.05
13185,2019,1,0.05
13185,2020,1,0.05
13185,2021,1,0.05
13185,2022,1,0.05
13185,2023,1,0.05
13185,2024,1,0.05
13185,2025,1,0.05
13217,2021,1,50.0
13217,2022,2,100.0
13217,2023,2,100.0
13217,2024,3,150.0
13217,2025,4,200.0
13285,2022,1,14.0
13285,2023,1,14.0
13285,2024,1,14.0
13285,2025,1,14.0
13287,2018,1,0.05
13287,2019,1,0.05
13287,2020,1,0.05
13287,2021,1,0.05
13287,2022,1,0.05
13287,2023,1,0.05
13287,2024,1,0.05
13287,2025,1,0.05
13303,2022,1,72.0
13303,2023,1,72.0
13303,2024,1,222.0
13303,2025,1,222.0
13313,2018,2,160.0
13313,2019,2,195.0
13313,2020,2,195.0
13313,2021,2,195.0
13313,2022,2,195.0
13313,2023,4,359.94917499999997
13313,2024,4,359.94917499999997
13313,2025,4,359.94917499999997
13317,2022,1,50.0
13317,2023,1,82.0
13317,2024,1,82.0
13317,2025,1,82.0
15003,2018,3,4.2170000000000005
15003,2019,3,4.2170000000000005
15003,2020,3,4.2170000000000005
15003,2021,3,4.2170000000000005
15003,2022,3,4.2170000000000005
15003,2023,3,4.2170000000000005
15003,2024,3,4.2170000000000005
15003,2025,3,4.2170000000000005
16001,2018,11,13.2406667
16001,2019,11,13.2406667
16001,2020,11,13.2406667
16001,2021,11,13.2406667
16001,2022,10,8.9246667
16001,2023,10,8.9246667
16001,2024,11,105.50800000000001
16001,2025,10,105.45800000000001
16011,2024,1,6.0
16011,2025,1,6.0
17031,2018,71,619.581522
17031,2019,73,676.3280506
17031,2020,75,741.1396385
17031,2021,75,758.7959212
17031,2022,74,846.1397776
17031,2023,79,968.0159725999999
17031,2024,82,1044.0393109
17031,2025,80,1052.7793109
17037,2024,3,279.6
17037,2025,4,379.2
17043,2018,23,115.0014896
17043,2019,24,119.9814896
17043,2020,24,120.6414896
17043,2021,25,157.3914896
17043,2022,23,168.1182396
17043,2023,23,182.6932396
17043,2024,25,237.99323959999998
17043,2025,26,263.1182396
17097,2021,1,4.275
17097,2022,1,4.275
17097,2023,1,4.275
17097,2024,1,4.8
17097,2025,1,5.25
17111,2018,1,0.45
17111,2019,1,0.45
17111,2020,1,0.45
17111,2021,1,0.45
17111,2022,1,0.45
17111,2023,1,0.45
17111,2024,1,0.45
17111,2025,1,0.45
17113,2018,2,0.155
17113,2019,2,0.155
17113,2020,2,0.155
17113,2021,2,0.155
17113,2022,2,0.155
17113,2023,2,0.155
17113,2024,2,0.155
17113,2025,2,0.155
17143,2018,2,0.4
17143,2019,2,0.4
17143,2020,2,0.4
17143,2021,2,0.4
17143,2022,2,0.4
17143,2023,2,0.4
17143,2024,2,0.4
17143,2025,2,0.4
17201,2018,1,0.5
17201,2019,1,0.5
17201,2020,1,0.5
17201,2021,1,0.5
17201,2022,1,0.5
17201,2023,1,0.5
17201,2024,1,0.5
17201,2025,1,0.5
18003,2018,3,1.07
18003,2019,3,2.07
18003,2020,3,2.07
18003,2021,3,4.07
18003,2022,3,4.07
18003,2023,3,4.07
18003,2024,3,4.07
18003,2025,3,4.07
18005,2018,1,1.0
18005,2019,1,1.0
18005,2020,1,1.0
18005,2021,1,1.0
18005,2022,1,1.0
18005,2023,1,1.0
18005,2024,1,1.0
18005,2025,1,1.0
18053,2023,1,3.2
18053,2024,1,3.4
18053,2025,1,3.4
18057,2018,3,4.55
18057,2019,3,4.55
18057,2020,3,4.55
18057,2021,3,4.55
18057,2022,3,4.55
18057,2023,3,4.55
18057,2024,3,4.55
18057,2025,3,4.55
18063,2018,1,0.5
18063,2019,1,0.5
18063,2020,1,0.5
18063,2021,1,0.5
18063,2022,1,0.5
18063,2023,1,0.5
18063,2024,1,0.5
18063,2025,1,0.5
18089,2019,1,1.0
18089,2020,1,1.0
18089,2021,1,1.0
18089,2022,3,5.0
18089,2023,3,7.0
18089,2024,3,11.0
18089,2025,3,15.0
18097,2018,14,25.063119999999998
18097,2019,14,25.063119999999998
18097,2020,14,25.063119999999998
18097,2021,14,25.063119999999998
18097,2022,15,26.563119999999998
18097,2023,15,26.563119999999998
18097,2024,15,26.563119999999998
18097,2025,15,26.563119999999998
18127,2024,1,60.0
18127,2025,1,60.0
18141,2018,8,9.177
18141,2019,8,9.177
18141,2020,6,8.114
18141,2021,6,8.114
18141,2022,6,8.114
18141,2023,6,8.114
18141,2024,7,68.114
18141,2025,8,128.114
18153,2022,1,115.0
18153,2023,1,115.0
18153,2024,1,115.0
18153,2025,1,115.0
19013,2018,1,1.788
19013,2019,2,2.688
19013,2020,2,2.688
19013,2021,2,2.688
19013,2022,2,2.688
19013,2023,2,2.688
19013,2024,2,2.688
19013,2025,1,0.9
19019,2019,1,0.6666667
19019,2020,1,0.6666667
19019,2021,1,0.6666667
19019,2022,1,0.6666667
19019,2023,1,0.6666667
19019,2024,1,0.6666667
19019,2025,1,0.6666667
19045,2018,1,0.11
19045,2019,1,0.11
19045,2020,1,0.11
19045,2021,1,0.11
19045,2022,1,0.11
19045,2023,1,0.11
19045,2024,1,0.11
19045,2025,1,0.11
19049,2018,5,62.93333320000001
19049,2019,5,62.93333320000001
19049,2020,5,62.93333320000001
19049,2021,5,62.93333320000001
19049,2022,5,62.93333320000001
19049,2023,5,62.93333320000001
19049,2024,9,189.0363999
19049,2025,10,231.13946660000002
19075,2018,1,5.4545455
19075,2019,1,5.4545455
19075,2020,1,5.4545455
19075,2021,1,5.4545455
19075,2022,1,5.4545455
19075,2023,1,5.4545455
19075,2024,1,5.4545455
19075,2025,1,5.4545455
19083,2023,1,0.15
19083,2024,3,10.15
19083,2025,3,10.15
19103,2020,1,0.15
19103,2021,1,0.15
19103,2022,1,0.15
19103,2023,1,0.15
19103,2024,1,0.15
19103,2025,1,0.15
19113,2018,2,1.9433333000000002
19113,2019,2,1.9433333000000002
19113,2020,2,1.9433333000000002
19113,2021,2,1.9433333000000002
19113,2022,2,1.9433333000000002
19113,2023,2,1.9433333000000002
19113,2024,2,1.9433333000000002
19113,2025,2,1.9433333000000002
19127,2018,1,5.4545455
19127,2019,1,5.4545455
19127,2020,1,5.4545455
19127,2021,1,5.4545455
19127,2022,1,5.4545455
19127,2023,1,5.4545455
19127,2024,1,5.4545455
19127,2025,1,5.4545455
19153,2018,14,303.2405202
19153,2019,18,417.56105360000004
19153,2020,20,425.6610536
19153,2021,22,453.81105360000004
19153,2022,24,514.7114536
19153,2023,27,584.7114536
19153,2024,32,724.7114536
19153,2025,32,724.7114536
19155,2018,9,360.0
19155,2019,9,360.0
19155,2020,10,366.3
19155,2021,10,366.3
19155,2022,10,366.3
19155,2023,14,592.2008
19155,2024,14,598.5008
19155,2025,14,598.5008
19163,2018,1,6.0
19163,2019,1,6.0
19163,2020,1,6.0
19163,2021,1,6.0
19163,2022,1,6.0
19163,2023,1,6.0
19163,2024,1,6.0
19163,2025,1,6.0
19181,2023,2,56.0
19181,2024,5,140.0
19181,2025,5,140.0
19193,2018,1,0.15
19193,2019,1,0.15
19193,2020,1,0.15
19193,2021,1,0.15
19193,2022,1,0.15
19193,2023,1,0.15
19193,2024,1,0.15
19193,2025,1,0.15
20091,2018,7,9.4865
20091,2019,8,15.148881
20091,2020,8,15.148881
20091,2021,8,15.148881
20091,2022,7,14.698881
20091,2023,7,14.698881
20091,2024,6,14.248881
20091,2025,6,15.900500000000001
20173,2018,2,0.185
20173,2019,2,0.185
20173,2020,2,0.185
20173,2021,2,0.185
20173,2022,2,0.185
20173,2023,2,0.185
20173,2024,2,0.185
20173,2025,2,0.185
20177,2018,1,2.453
20177,2019,1,2.453
20177,2020,1,2.453
20177,2021,1,2.453
20177,2022,1,2.453
20177,2023,1,2.453
20177,2024,1,2.453
20177,2025,1,2.453
20209,2018,1,2.025
20209,2019,1,2.025
20209,2020,1,2.025
20209,2021,1,2.025
20209,2022,1,2.025
20209,2023,1,2.025
20209,2024,1,2.025
20209,2025,1,2.025
21015,2018,1,5.0
21015,2019,1,5.0
21015,2020,1,5.0
21015,2021,1,5.0
21015,2022,1,5.0
21015,2023,1,5.0
21015,2024,1,5.0
21015,2025,1,5.0
21035,2021,2,35.0
21035,2022,2,35.0
21035,2023,2,35.0
21035,2024,2,35.0
21035,2025,2,35.0
21067,2018,1,0.10584
21067,2019,1,0.10584
21067,2020,1,0.10584
21067,2021,1,0.10584
21067,2022,1,0.10584
21067,2023,1,0.10584
21067,2024,1,0.10584
21067,2025,1,0.10584
21109,2022,1,0.9090909
21109,2023,1,4.5454545
21109,2024,1,9.090909100000001
21109,2025,1,9.090909100000001
21111,2018,12,18.26724
21111,2019,12,18.26724
21111,2020,11,12.86724
21111,2021,11,12.86724
21111,2022,11,12.86724
21111,2023,11,12.86724
21111,2024,11,12.86724
21111,2025,11,12.86724
21127,2024,1,250.0
21127,2025,1,250.0
21145,2021,1,5.0
21145,2022,2,28.0
21145,2023,1,23.0
21145,2024,1,23.0
21145,2025,1,23.0
21157,2019,1,150.0
21157,2020,1,150.0
21157,2021,3,220.0
21157,2022,3,220.0
21157,2023,2,195.0
21157,2024,2,195.0
21157,2025,2,195.0
21195,2022,2,33.6363636
21195,2023,2,33.6363636
21195,2024,2,33.6363636
21195,2025,2,33.6363636
21225,2020,1,13.0
21225,2021,1,13.0
21225,2022,1,13.0
21225,2023,1,13.0
21225,2024,1,13.0
21225,2025,1,13.0
22015,2018,1,0.05
22015,2019,1,0.05
22015,2020,1,0.05
22015,2021,1,0.05
22015,2022,1,0.05
22015,2023,1,0.05
22015,2024,1,0.05
22015,2025,1,0.05
22017,2018,1,0.1
22017,2019,1,0.1
22017,2020,1,0.1
22017,2021,1,0.1
22017,2022,1,0.1
22017,2023,1,0.1
22017,2024,1,0.1
22017,2025,1,0.1
22033,2018,5,7.45
22033,2019,5,7.45
22033,2020,5,7.45
22033,2021,5,7.45
22033,2022,5,7.45
22033,2023,5,7.45
22033,2024,5,7.45
22033,2025,5,7.45
22051,2018,1,0.127
22051,2019,1,0.127
22051,2020,1,0.127
22051,2021,1,0.127
22051,2022,1,0.127
22051,2023,1,0.127
22051,2024,1,0.127
22051,2025,1,0.127
22071,2018,6,1.976
22071,2019,6,1.976
22071,2020,6,1.976
22071,2021,6,1.976
22071,2022,6,1.976
22071,2023,6,1.976
22071,2024,6,1.976
22071,2025,6,1.976
22105,2018,1,0.09472
22105,2019,1,0.09472
22105,2020,1,0.09472
22105,2021,1,0.09472
22105,2022,1,0.09472
22105,2023,1,0.09472
22105,2024,1,0.09472
22105,2025,1,0.09472
23005,2018,2,0.135
23005,2019,2,0.135
23005,2020,2,0.135
23005,2021,2,0.135
23005,2022,2,0.135
23005,2023,2,0.135
23005,2024,2,0.135
23005,2025,2,0.135
23019,2018,1,0.035
23019,2019,1,0.035
23019,2020,1,0.035
23019,2021,1,0.035
23019,2022,1,0.035
23019,2023,1,0.035
23019,2024,1,0.035
23019,2025,1,0.035
24003,2018,4,9.3856
24003,2019,4,9.3856
24003,2020,2,1.392
24003,2021,2,1.392
24003,2022,2,1.392
24003,2023,2,1.392
24003,2024,2,1.392
24003,2025,2,1.392
24005,2018,2,1.6
24005,2019,2,1.6
24005,2020,2,1.6
24005,2021,2,1.6
24005,2022,2,1.6
24005,2023,2,1.6
24005,2024,2,1.6
24005,2025,2,1.6
24021,2018,1,0.56
24021,2019,1,0.56
24021,2020,1,0.56
24021,2021,1,0.56
24021,2022,1,0.56
24021,2023,1,0.56
24021,2024,1,0.56
24021,2025,1,0.56
24025,2018,1,0.1
24025,2019,1,0.1
24025,2020,1,0.1
24025,2021,1,0.1
24025,2022,1,0.1
24025,2023,1,0.1
24025,2024,1,0.1
24025,2025,1,0.1
24027,2018,1,4.56
24027,2019,1,4.56
24027,2020,1,4.56
24027,2021,1,4.56
24027,2022,1,4.56
24027,2023,1,4.56
24027,2024,1,4.56
24027,2025,1,4.56
24031,2018,3,17.3916
24031,2019,3,17.3916
24031,2020,3,17.3916
24031,2021,2,14.2416
24031,2022,2,14.2416
24031,2023,2,14.2416
24031,2024,2,14.2416
24031,2025,2,14.2416
24033,2018,2,9.020159999999999
24033,2019,2,9.020159999999999
24033,2020,2,9.020159999999999
24033,2021,2,9.020159999999999
24033,2022,2,9.020159999999999
24033,2023,2,9.020159999999999
24033,2024,2,9.020159999999999
24033,2025,2,9.020159999999999
24510,2018,11,19.852
24510,2019,11,19.852
24510,2020,11,21.282
24510,2021,11,21.282
24510,2022,11,21.282
24510,2023,11,21.282
24510,2024,11,21.282
24510,2025,11,21.282
25005,2018,1,4.5
25009,2018,2,5.723000000000001
25009,2019,2,5.723000000000001
25009,2020,2,5.723000000000001
25009,2021,2,5.723000000000001
25009,2022,2,5.723000000000001
25009,2023,2,5.723000000000001
25009,2024,2,7.995
25009,2025,2,7.995
25011,2018,1,0.1
25011,2019,1,0.1
25011,2020,1,0.1
25011,2021,1,0.1
25011,2022,1,0.1
25011,2023,1,0.1
25011,2024,1,0.1
25011,2025,1,0.1
25013,2018,3,3.917
25013,2019,3,3.917
25013,2020,3,3.917
25013,2021,3,3.917
25013,2022,3,3.917
25013,2023,3,3.917
25013,2024,3,3.917
25013,2025,3,3.917
25017,2018,26,74.878
25017,2019,26,76.809
25017,2020,25,77.833
25017,2021,23,78.533
25017,2022,22,80.60900000000001
25017,2023,22,80.60900000000001
25017,2024,22,80.60900000000001
25017,2025,21,80.584
25021,2018,3,18.432000000000002
25021,2019,2,18.132
25021,2020,2,18.132
25021,2021,2,22.111
25021,2022,2,22.111
25021,2023,2,22.111
25021,2024,2,22.111
25021,2025,2,22.111
25023,2018,2,0.9450000000000001
25023,2019,2,0.9450000000000001
25023,2020,2,0.9450000000000001
25023,2021,2,0.9450000000000001
25023,2022,2,0.9450000000000001
25023,2023,2,0.9450000000000001
25023,2024,2,0.9450000000000001
25023,2025,2,0.9450000000000001
25025,2018,12,54.582
25025,2019,11,52.079
25025,2020,10,47.079
25025,2021,10,47.217999999999996
25025,2022,10,47.217999999999996
25025,2023,10,47.217999999999996
25025,2024,10,47.217999999999996
25025,2025,10,47.217999999999996
25027,2018,9,12.333
25027,2019,9,12.333
25027,2020,7,9.913
25027,2021,7,9.913
25027,2022,7,9.913
25027,2023,7,9.913
25027,2024,7,9.913
25027,2025,6,9.888
26027,2021,1,29.0
26027,2022,1,29.0
26027,2023,1,29.0
26027,2024,1,29.0
26027,2025,1,29.0
26049,2018,1,1.118
26049,2019,1,1.118
26049,2020,1,1.118
26049,2021,1,1.118
26049,2022,1,1.118
26049,2023,1,1.118
26049,2024,1,1.118
26049,2025,1,1.118
26065,2018,1,0.3
26065,2019,1,0.3
26065,2020,1,0.3
26065,2021,1,0.3
26065,2022,1,0.3
26065,2023,1,0.3
26065,2024,1,0.3
26065,2025,1,0.3
26081,2018,3,35.299
26081,2019,4,39.299
26081,2020,4,45.299
26081,2021,4,47.299
26081,2022,4,47.299
26081,2023,4,47.299
26081,2024,4,47.299
26081,2025,4,47.299
26125,2018,23,32.001
26125,2019,23,32.001
26125,2020,23,32.001
26125,2021,23,32.001
26125,2022,23,33.987
26125,2023,22,32.988
26125,2024,22,32.988
26125,2025,22,32.988
26161,2018,3,2.344
26161,2019,3,2.344
26161,2020,3,2.344
26161,2021,3,2.344
26161,2022,3,2.344
26161,2023,3,2.344
26161,2024,3,2.344
26161,2025,3,2.344
26163,2018,3,4.83
26163,2019,3,4.83
26163,2020,3,4.83
26163,2021,3,4.83
26163,2022,3,4.83
26163,2023,3,4.83
26163,2024,3,4.83
26163,2025,3,4.83
27019,2018,2,10.05
27019,2019,3,10.8
27019,2020,3,11.55
27019,2021,3,12.3
27019,2022,3,12.3
27019,2023,3,12.3
27019,2024,3,12.3
27019,2025,4,19.8
27037,2018,2,19.074
27037,2019,2,19.074
27037,2020,2,19.074
27037,2021,2,19.074
27037,2022,2,19.074
27037,2023,1,6.174
27037,2024,1,6.174
27037,2025,1,6.174
27041,2018,1,0.5
27041,2019,1,0.5
27041,2020,1,0.5
27041,2021,1,0.5
27041,2022,1,0.5
27041,2023,1,0.5
27041,2024,1,0.5
27041,2025,1,0.5
27047,2018,1,0.15
27047,2019,1,0.15
27047,2020,1,0.15
27047,2021,1,0.15
27047,2022,1,0.15
27047,2023,1,0.15
27047,2024,1,0.15
27047,2025,1,0.15
27053,2018,30,40.8559147
27053,2019,30,40.8559147
27053,2020,30,40.8559147
27053,2021,32,46.905914700000004
27053,2022,32,50.255914700000005
27053,2023,33,53.630914700000005
27053,2024,33,55.880914700000005
27053,2025,33,58.130914700000005
27123,2018,2,3.45
27123,2019,2,3.45
27123,2020,2,3.45
27123,2021,2,3.45
27123,2022,2,3.45
27123,2023,2,3.45
27123,2024,2,3.45
27123,2025,2,3.45
27137,2018,1,0.15
27137,2019,1,0.15
27137,2020,1,0.15
27137,2021,1,0.15
27137,2022,1,0.15
27137,2023,1,0.15
27137,2024,1,0.15
27137,2025,1,0.15
27139,2018,2,5.6419999999999995
27139,2019,2,5.6419999999999995
27139,2020,2,5.6419999999999995
27139,2021,2,5.6419999999999995
27139,2022,2,5.6419999999999995
27139,2023,2,5.6419999999999995
27139,2024,2,5.6419999999999995
27139,2025,2,5.6419999999999995
27141,2024,1,3.75
27141,2025,1,7.5
27145,2018,1,0.6
27145,2019,1,0.6
27145,2020,1,0.6
27145,2021,1,0.6
27145,2022,1,0.6
27145,2023,1,0.6
27145,2024,1,0.6
27145,2025,1,0.6
27163,2018,1,1.95
27163,2019,1,1.95
27163,2020,1,1.95
27163,2021,1,1.95
27163,2022,1,1.95
27163,2023,1,1.95
27163,2024,1,1.95
27163,2025,1,1.95
28049,2018,3,0.55
28049,2019,3,0.55
28049,2020,3,0.55
28049,2021,3,0.55
28049,2022,3,0.55
28049,2023,3,0.55
28049,2024,3,0.55
28049,2025,3,0.55
28089,2018,1,0.05
28089,2019,1,0.05
28089,2020,1,0.05
28089,2021,1,0.05
28089,2022,1,0.05
28089,2023,1,0.05
28089,2024,1,0.05
28089,2025,3,160.05
28105,2018,1,0.167
28105,2019,1,0.167
28105,2020,1,0.167
28105,2021,1,0.167
28105,2022,1,0.167
28105,2023,1,0.167
28105,2024,1,0.167
28105,2025,1,0.167
29019,2018,2,0.4
29019,2019,2,0.4
29019,2020,2,0.4
29019,2021,2,0.4
29019,2022,2,0.4
29019,2023,2,0.4
29019,2024,2,0.4
29019,2025,2,0.4
29047,2018,3,16.8
29047,2019,3,20.4
29047,2020,3,20.4
29047,2021,3,20.4
29047,2022,4,21.4
29047,2023,4,21.4
29047,2024,6,94.5955
29047,2025,6,94.5955
29077,2018,1,0.15
29077,2019,1,0.15
29077,2020,1,0.15
29077,2021,1,0.15
29077,2022,1,0.15
29077,2023,1,0.15
29077,2024,1,0.15
29077,2025,1,0.15
29095,2018,13,27.755
29095,2019,12,27.185
29095,2020,12,27.935
29095,2021,6,27.485
29095,2022,6,28.235
29095,2023,6,28.235
29095,2024,6,28.985
29095,2025,6,28.985
29165,2018,2,3.1879999999999997
29165,2019,2,3.1879999999999997
29165,2020,2,3.1879999999999997
29165,2021,2,3.1879999999999997
29165,2022,2,3.1879999999999997
29165,2023,2,3.1879999999999997
29165,2024,2,3.1879999999999997
29165,2025,2,3.1879999999999997
29183,2021,1,0.5
29183,2022,1,0.5
29183,2023,1,0.5
29183,2024,1,0.5
29183,2025,1,0.5
29189,2018,1,0.48
29189,2019,1,0.48
29189,2020,1,0.48
29189,2021,1,0.48
29189,2022,2,1.812
29189,2023,2,1.812
29189,2024,2,1.812
29189,2025,2,1.812
29510,2018,11,42.772999999999996
29510,2019,11,42.772999999999996
29510,2020,11,42.772999999999996
29510,2021,11,42.772999999999996
29510,2022,11,42.772999999999996
29510,2023,11,42.772999999999996
29510,2024,10,42.573
29510,2025,10,42.573
30003,2021,1,37.0
30003,2022,1,37.0
30031,2018,2,0.6
30031,2019,2,0.6
30031,2020,2,0.6
30031,2021,2,0.6
30031,2022,2,0.6
30031,2023,2,0.6
30031,2024,2,0.6
30031,2025,2,0.6
30049,2018,1,0.1
30049,2019,1,0.1
30049,2020,1,0.1
30049,2021,1,0.1
30049,2022,1,0.1
30049,2023,1,0.1
30049,2024,1,0.1
30049,2025,1,0.1
30063,2018,1,0.1
30063,2019,1,0.1
30063,2020,1,0.1
30063,2021,1,0.1
30063,2022,1,0.1
30063,2023,1,0.1
30063,2024,1,0.1
30063,2025,1,0.1
30093,2020,1,65.0
30093,2021,1,65.0
30093,2022,1,75.0
30093,2023,1,75.0
30093,2024,1,75.0
30093,2025,1,75.0
30111,2018,4,1.6580000000000001
30111,2019,4,1.6580000000000001
30111,2020,4,1.6580000000000001
30111,2021,4,1.6580000000000001
30111,2022,4,1.6580000000000001
30111,2023,4,1.6580000000000001
30111,2024,4,1.6580000000000001
30111,2025,4,1.6580000000000001
31019,2019,1,10.2857143
31019,2020,1,40.0
31019,2021,1,100.0
31019,2022,1,100.0
31019,2023,1,100.0
31019,2024,1,100.0
31019,2025,1,100.0
31055,2018,8,28.099999999999998
31055,2019,8,28.099999999999998
31055,2020,8,28.099999999999998
31055,2021,8,28.099999999999998
31055,2022,8,28.099999999999998
31055,2023,9,74.1
31055,2024,11,122.35
31055,2025,12,168.35
31081,2018,1,0.15
31081,2019,1,0.15
31081,2020,1,0.15
31081,2021,1,0.15
31081,2022,1,0.15
31081,2023,1,0.15
31081,2024,2,10.15
31081,2025,2,15.15
31109,2018,3,0.9324
31109,2019,3,0.9324
31109,2020,3,0.9324
31109,2021,4,30.9324
31109,2022,4,30.9324
31109,2023,4,30.9324
31109,2024,4,30.9324
31109,2025,4,30.9324
31153,2018,5,88.289
31153,2019,8,208.289
31153,2020,8,208.289
31153,2021,13,418.289
31153,2022,13,418.289
31153,2023,13,418.289
31153,2024,15,578.289
31153,2025,15,578.289
32003,2018,28,121.03115
32003,2019,29,124.83315
32003,2020,30,248.188
32003,2021,30,248.188
32003,2022,27,254.209
32003,2023,27,262.657
32003,2024,29,329.479528
32003,2025,30,389.479528
32029,2018,1,49.795199999999994
32029,2019,1,49.795199999999994
32029,2020,2,88.5984
32029,2021,2,119.78880000000001
32029,2022,2,119.78880000000001
32029,2023,3,159.8712
32029,2024,5,549.084
32029,2025,6,602.7096
32031,2018,5,55.7829867
32031,2019,7,165.6496533
32031,2020,8,165.9496533
32031,2021,9,166.0996533
32031,2022,9,166.0996533
32031,2023,9,166.0996533
32031,2024,9,166.0996533
32031,2025,10,193.0996533
33009,2018,2,1.27
33009,2019,2,1.27
33009,2020,2,1.27
33009,2021,2,1.27
33009,2022,2,1.27
33009,2023,2,1.27
33009,2024,2,1.27
33009,2025,2,1.27
33011,2018,3,0.797
33011,2019,3,0.797
33011,2020,3,0.797
33011,2021,3,0.797
33011,2022,3,0.797
33011,2023,3,0.797
33011,2024,3,0.797
33011,2025,3,0.797
33015,2018,1,0.1
33015,2019,1,0.1
33015,2020,1,0.1
33015,2021,1,0.1
33015,2022,1,0.1
33015,2023,1,0.1
33015,2024,1,0.1
33015,2025,1,0.1
34003,2018,6,28.7708228
34003,2019,6,34.6545728
34003,2020,6,34.6545728
34003,2021,6,34.6545728
34003,2022,5,32.6545728
34003,2023,5,32.6545728
34003,2024,5,32.6545728
34003,2025,5,32.6545728
34007,2018,2,4.78712
34007,2019,2,4.78712
34007,2020,2,4.78712
34007,2021,2,4.78712
34007,2022,2,4.78712
34007,2023,2,4.78712
34007,2024,2,4.78712
34007,2025,2,4.78712
34013,2018,11,35.5001433
34013,2019,11,35.5001433
34013,2020,11,35.5001433
34013,2021,10,34.0814433
34013,2022,10,37.8314433
34013,2023,9,37.5384433
34013,2024,9,37.5384433
34013,2025,9,37.5384433
34017,2018,30,157.0242326
34017,2019,31,165.1992326
34017,2020,31,165.8103686
34017,2021,34,192.0481066
34017,2022,34,196.6638766
34017,2023,33,198.9971931
34017,2024,34,207.3118531
34017,2025,35,209.1118531
34021,2018,1,8.7247131
34021,2019,1,8.7247131
34021,2020,1,8.7247131
34021,2021,1,8.7247131
34021,2022,1,8.7247131
34021,2023,1,8.7247131
34021,2024,1,9.751299999999999
34021,2025,1,11.2515
34023,2018,19,80.6570381
34023,2019,19,89.8164381
34023,2020,19,97.5018738
34023,2021,18,121.5655673
34023,2022,17,127.6720073
34023,2023,16,131.8235973
34023,2024,14,141.93550729999998
34023,2025,14,143.5555073
34025,2018,2,4.0
34025,2019,2,4.0
34025,2020,2,4.0
34025,2021,2,4.0
34025,2022,2,4.0
34025,2023,2,4.0
34025,2024,2,4.0
34025,2025,2,4.0
34027,2018,5,9.978
34027,2019,6,10.338
34027,2020,6,10.338
34027,2021,6,10.338
34027,2022,6,10.338
34027,2023,6,10.338
34027,2024,5,9.838
34027,2025,4,9.813
34031,2018,4,21.7801076
34031,2019,4,23.8051076
34031,2020,4,24.4801076
34031,2021,4,27.1801076
34031,2022,4,28.5301076
34031,2023,4,29.880107599999995
34031,2024,4,31.230107599999997
34031,2025,4,32.5801076
34035,2018,5,29.1535908
34035,2019,5,31.154999999999998
34035,2020,5,35.8506
34035,2021,7,52.821600000000004
34035,2022,7,53.4216
34035,2023,7,54.4216
34035,2024,7,55.4216
34035,2025,7,55.4216
34037,2018,1,0.63036
34037,2019,1,0.63036
34037,2020,1,0.63036
34037,2021,1,0.63036
34037,2022,1,0.63036
34037,2023,1,0.63036
34037,2024,1,0.63036
34037,2025,1,0.63036
34039,2018,1,0.1
34039,2019,1,0.1
34039,2020,1,0.1
34039,2021,1,0.1
34039,2022,1,0.1
34039,2023,1,0.1
34039,2024,1,0.1
34039,2025,1,0.1
35001,2018,6,5.05
35001,2019,6,5.05
35001,2020,6,5.05
35001,2021,6,5.05
35001,2022,6,5.05
35001,2023,6,5.05
35001,2024,6,5.05
35001,2025,6,5.05
35013,2018,1,0.3
35013,2019,1,0.3
35013,2020,1,0.3
35013,2021,1,0.3
35013,2022,1,0.3
35013,2023,1,0.3
35013,2024,1,0.3
35013,2025,1,0.3
35045,2021,1,15.0
35045,2022,1,15.0
35045,2023,1,15.0
35045,2024,1,15.0
35045,2025,1,15.0
35061,2018,1,46.0
35061,2019,2,92.0
35061,2020,3,138.0
35061,2021,5,230.0
35061,2022,5,230.0
35061,2023,5,230.0
35061,2024,7,414.0
35061,2025,7,414.0
36001,2018,4,1.4449999999999998
36001,2019,4,1.4449999999999998
36001,2020,4,1.4449999999999998
36001,2021,4,1.4449999999999998
36001,2022,4,1.4449999999999998
36001,2023,4,1.4449999999999998
36001,2024,4,1.4449999999999998
36001,2025,4,1.4449999999999998
36019,2024,1,8.0
36019,2025,1,8.0
36027,2018,1,5.55
36027,2019,1,5.55
36027,2020,1,5.55
36027,2021,1,5.55
36027,2022,1,5.55
36027,2023,1,5.55
36027,2024,1,5.55
36027,2025,1,5.55
36029,2018,7,7.19595
36029,2019,7,7.19595
36029,2020,7,7.19595
36029,2021,8,67.19595
36029,2022,9,95.19595
36029,2023,9,95.19595
36029,2024,9,95.19595
36029,2025,9,95.19595
36047,2018,2,3.525
36047,2019,2,3.525
36047,2020,2,3.525
36047,2021,2,3.525
36047,2022,2,3.525
36047,2023,2,4.0
36047,2024,2,4.0
36047,2025,2,4.0
36055,2018,4,2.391
36055,2019,4,2.391
36055,2020,4,2.391
36055,2021,4,2.391
36055,2022,4,2.391
36055,2023,4,2.391
36055,2024,4,2.391
36055,2025,4,2.391
36059,2018,2,4.25
36059,2019,2,4.25
36059,2020,2,4.408
36059,2021,2,4.72
36059,2022,1,0.97
36059,2023,1,0.97
36059,2024,1,0.97
36059,2025,1,0.97
36061,2018,48,132.3860531
36061,2019,48,132.3860531
36061,2020,47,131.3860531
36061,2021,41,124.0896431
36061,2022,34,109.34964310000001
36061,2023,30,105.5700996
36061,2024,30,106.2200996
36061,2025,30,106.9700996
36063,2021,1,60.0
36063,2022,2,120.0
36063,2023,4,222.5
36063,2024,4,265.5
36063,2025,4,265.5
36067,2018,3,1.1520000000000001
36067,2019,3,1.1520000000000001
36067,2020,3,1.1520000000000001
36067,2021,3,1.1520000000000001
36067,2022,3,1.1520000000000001
36067,2023,3,1.1520000000000001
36067,2024,3,1.1520000000000001
36067,2025,3,1.1520000000000001
36085,2018,2,8.5
36085,2019,2,8.5
36085,2020,2,8.5
36085,2021,1,8.0
36085,2022,1,8.0
36085,2023,1,8.0
36085,2024,1,8.0
36085,2025,1,8.0
36087,2018,7,28.6
36087,2019,7,31.85
36087,2020,7,31.85
36087,2021,7,32.1
36087,2022,8,36.0
36087,2023,8,36.0
36087,2024,7,41.4
36087,2025,7,46.05
36089,2021,1,50.0
36089,2022,1,50.0
36089,2023,1,50.0
36089,2024,1,50.0
36089,2025,1,50.0
36091,2021,1,4.0
36091,2022,1,4.0
36091,2023,1,4.0
36091,2024,1,4.0
36091,2025,1,4.0
36103,2018,4,6.4
36103,2019,4,6.4
36103,2020,4,6.4
36103,2021,3,5.8
36103,2022,3,6.1
36103,2023,3,6.43
36103,2024,3,6.43
36103,2025,3,6.43
36107,2021,1,10.0
36107,2022,1,10.0
36107,2023,1,10.0
36107,2024,1,10.0
36107,2025,1,10.0
36119,2018,6,13.5185696
36119,2019,6,19.7181828
36119,2020,6,19.7181828
36119,2021,6,19.743182800000003
36119,2022,5,19.3361524
36119,2023,5,19.3361524
36119,2024,5,19.3361524
36119,2025,5,19.3361524
37021,2018,1,2.2
37021,2019,1,2.2
37021,2020,1,2.2
37021,2021,1,2.2
37021,2022,1,2.2
37021,2023,1,2.2
37021,2024,1,2.2
37021,2025,1,2.2
37025,2018,1,2.2824
37025,2019,1,2.2824
37025,2020,1,2.2824
37025,2021,1,2.2824
37025,2022,1,2.2824
37025,2023,1,2.2824
37025,2024,1,2.2824
37025,2025,1,2.2824
37027,2018,4,160.0
37027,2019,4,160.0
37027,2020,4,160.0
37027,2021,4,160.0
37027,2022,3,158.0
37027,2023,3,158.0
37027,2024,3,158.0
37027,2025,3,158.0
37035,2018,2,41.84
37035,2019,3,62.64
37035,2020,3,62.64
37035,2021,3,62.64
37035,2022,3,62.64
37035,2023,3,62.64
37035,2024,4,83.44
37035,2025,4,83.44
37039,2018,3,134.0
37039,2019,3,134.0
37039,2020,3,134.0
37039,2021,3,134.0
37039,2022,3,134.0
37039,2023,3,134.0
37039,2024,3,134.0
37039,2025,3,134.0
37045,2018,1,15.0
37045,2019,1,15.0
37045,2020,1,15.0
37045,2021,1,15.0
37045,2022,1,15.0
37045,2023,1,15.0
37045,2024,1,15.0
37045,2025,1,15.0
37051,2018,1,0.5
37051,2019,1,0.5
37051,2020,1,0.5
37051,2021,1,0.5
37051,2022,1,0.5
37051,2023,1,0.5
37051,2024,1,0.5
37051,2025,1,0.5
37063,2018,7,12.7631853
37063,2019,7,13.503289800000001
37063,2020,7,18.783
37063,2021,7,21.6732139
37063,2022,7,21.6732139
37063,2023,7,24.8450904
37063,2024,7,24.8450904
37063,2025,7,24.8450904
37067,2018,4,7.7
37067,2019,4,7.7
37067,2020,4,7.7
37067,2021,4,7.7
37067,2022,4,7.7
37067,2023,4,7.7
37067,2024,4,7.7
37067,2025,4,7.7
37069,2018,1,500.0
37069,2019,1,500.0
37069,2020,1,500.0
37069,2021,1,500.0
37069,2022,1,500.0
37069,2023,1,500.0
37069,2024,1,500.0
37069,2025,1,500.0
37081,2018,3,2.85
37081,2019,3,2.85
37081,2020,3,2.85
37081,2021,3,2.85
37081,2022,3,2.85
37081,2023,2,0.85
37081,2024,2,0.85
37081,2025,2,0.85
37097,2019,1,0.05
37097,2020,1,0.125
37097,2021,1,0.205
37097,2022,1,0.285
37119,2018,33,45.0106905
37119,2019,30,50.6633
37119,2020,31,51.3773
37119,2021,31,51.3773
37119,2022,31,51.5273
37119,2023,32,51.94995
37119,2024,32,52.19115
37119,2025,32,52.19115
37161,2018,3,160.0
37161,2019,3,160.0
37161,2020,3,160.0
37161,2021,3,160.0
37161,2022,4,170.0
37161,2023,4,170.0
37161,2024,4,170.0
37161,2025,4,170.0
37183,2018,15,19.81546
37183,2019,16,19.90246
37183,2020,17,23.202460000000002
37183,2021,17,24.9443955
37183,2022,16,24.8573955
37183,2023,17,27.8573955
37183,2024,17,27.8573955
37183,2025,17,27.8573955
38017,2018,1,3.75
38017,2019,1,3.75
38017,2020,1,3.75
38017,2021,1,3.75
38017,2022,1,3.75
38017,2023,1,3.75
38017,2024,1,3.75
38017,2025,1,3.75
38021,2023,2,360.0
38021,2024,2,360.0
38021,2025,3,440.0
38035,2021,1,80.0
38035,2022,1,100.0
38035,2023,1,100.0
38035,2024,2,130.0
38035,2025,2,130.0
38055,2022,1,2.0
38055,2023,1,2.0
38055,2024,1,2.0
38055,2025,1,2.0
38093,2022,1,100.0
38093,2023,3,138.0
38093,2024,3,138.0
38093,2025,3,138.0
38105,2022,1,90.0
38105,2023,1,210.0
38105,2024,1,360.0
38105,2025,1,480.0
39017,2018,4,11.785
39017,2019,4,11.785
39017,2020,4,11.785
39017,2021,4,11.785
39017,2022,4,11.785
39017,2023,5,13.285
39017,2024,5,13.285
39017,2025,5,13.285
39023,2018,1,4.00566
39023,2019,1,4.00566
39023,2020,1,4.00566
39023,2021,1,4.00566
39023,2022,1,4.00566
39023,2023,1,4.00566
39023,2024,1,4.00566
39023,2025,1,4.00566
39025,2018,1,0.25
39025,2019,1,0.25
39025,2020,1,0.25
39025,2021,1,0.25
39025,2022,1,0.25
39025,2023,1,0.25
39025,2024,1,0.25
39025,2025,1,0.25
39035,2018,18,42.0426
39035,2019,18,42.0426
39035,2020,18,42.0426
39035,2021,19,45.0426
39035,2022,18,46.4856
39035,2023,17,43.4856
39035,2024,17,44.2356
39035,2025,17,44.2356
39041,2018,1,1.575
39041,2019,1,1.575
39041,2020,1,1.575
39041,2021,1,1.575
39041,2022,1,1.575
39041,2023,1,1.575
39041,2024,1,1.575
39041,2025,1,1.575
39045,2024,2,100.0
39045,2025,2,100.0
39049,2018,22,110.17828
39049,2019,23,138.18828000000002
39049,2020,23,161.18828000000002
39049,2021,27,264.19428
39049,2022,30,321.64428000000004
39049,2023,30,321.64428000000004
39049,2024,33,455.24428
39049,2025,37,629.24428
39061,2018,10,37.70099999999999
39061,2019,10,37.70099999999999
39061,2020,10,37.70099999999999
39061,2021,8,35.598
39061,2022,9,36.598
39061,2023,9,36.598
39061,2024,9,36.598
39061,2025,8,36.573
39063,2024,1,30.0
39063,2025,1,90.0
39077,2022,1,3.0
39077,2023,1,3.0
39077,2024,1,3.0
39077,2025,1,3.0
39089,2018,2,72.0
39089,2019,2,96.0
39089,2020,6,225.0
39089,2021,10,391.0
39089,2022,11,491.0
39089,2023,13,577.0
39089,2024,18,744.5
39089,2025,18,782.0
39099,2018,1,0.6
39099,2019,1,0.6
39099,2020,1,0.6
39099,2021,1,0.6
39099,2022,1,0.6
39099,2023,1,0.6
39099,2024,1,0.6
39099,2025,1,0.6
39111,2022,1,100.0
39111,2023,1,100.0
39111,2024,1,100.0
39111,2025,1,100.0
39113,2018,4,5.73
39113,2019,4,5.73
39113,2020,4,5.73
39113,2021,4,5.73
39113,2022,4,5.73
39113,2023,4,5.73
39113,2024,4,5.73
39113,2025,4,5.73
39151,2018,1,1.5
39151,2019,1,1.5
39151,2020,1,1.5
39151,2021,1,1.5
39151,2022,1,1.5
39151,2023,1,1.5
39151,2024,1,1.5
39151,2025,1,1.5
39153,2018,3,5.063
39153,2019,3,5.063
39153,2020,3,5.813
39153,2021,3,5.813
39153,2022,4,55.813
39153,2023,4,89.063
39153,2024,5,92.3963333
39153,2025,5,92.3963333
39159,2023,1,22.5
39159,2024,3,67.5
39159,2025,4,90.0
39165,2018,2,14.905999999999999
39165,2019,2,14.905999999999999
39165,2020,2,14.905999999999999
39165,2021,2,15.355999999999998
39165,2022,2,15.355999999999998
39165,2023,2,15.355999999999998
39165,2024,2,15.355999999999998
39165,2025,2,15.355999999999998
40017,2018,1,0.29052
40017,2019,1,0.29052
40017,2020,1,0.29052
40017,2021,1,0.29052
40017,2022,1,0.29052
40017,2023,1,0.29052
40017,2024,1,0.29052
40017,2025,1,0.29052
40037,2018,1,0.136
40037,2019,1,0.136
40037,2020,1,0.136
40037,2021,1,0.136
40037,2022,1,0.136
40037,2023,1,0.136
40037,2024,1,0.136
40037,2025,1,0.136
40097,2018,6,190.275
40097,2019,7,212.275
40097,2020,7,212.275
40097,2021,9,246.775
40097,2022,9,246.775
40097,2023,11,301.775
40097,2024,12,329.775
40097,2025,12,329.775
40101,2024,1,200.0
40101,2025,1,200.0
40109,2018,8,12.53516
40109,2019,8,12.53516
40109,2020,8,12.53516
40109,2021,7,12.23516
40109,2022,7,12.23516
40109,2023,7,12.23516
40109,2024,7,12.23516
40109,2025,7,12.23516
40143,2018,10,11.045
40143,2019,10,11.045
40143,2020,9,5.045
40143,2021,9,5.045
40143,2022,9,5.045
40143,2023,9,5.045
40143,2024,9,5.045
40143,2025,9,5.045
41005,2018,1,0.15
41005,2019,1,0.15
41005,2020,1,0.15
41005,2021,1,0.15
41005,2022,1,0.15
41005,2023,1,0.15
41005,2024,1,0.15
41005,2025,1,0.15
41013,2018,6,153.94
41013,2019,6,153.94
41013,2020,9,252.14
41013,2021,11,313.34000000000003
41013,2022,12,348.94
41013,2023,14,404.04
41013,2024,14,404.04
41013,2025,14,404.04
41017,2018,3,9.15
41017,2019,3,9.15
41017,2020,3,9.15
41017,2021,3,9.15
41017,2022,3,9.15
41017,2023,3,9.15
41017,2024,3,9.15
41017,2025,3,9.15
41029,2018,2,0.31364
41029,2019,2,0.31364
41029,2020,2,0.31364
41029,2021,2,0.31364
41029,2022,2,0.31364
41029,2023,2,0.31364
41029,2024,2,0.31364
41029,2025,2,0.31364
41039,2018,2,0.6
41039,2019,2,0.6
41039,2020,2,0.6
41039,2021,2,0.6
41039,2022,2,0.6
41039,2023,2,0.6
41039,2024,2,0.6
41039,2025,2,0.6
41049,2018,6,174.25
41049,2019,7,233.1
41049,2020,9,317.7
41049,2021,13,504.2
41049,2022,15,604.2
41049,2023,17,704.2
41049,2024,23,1004.2
41049,2025,23,1004.2
41051,2018,9,10.3997048
41051,2019,9,10.3997048
41051,2020,9,10.3997048
41051,2021,9,10.3997048
41051,2022,9,11.1497048
41051,2023,7,10.0607048
41051,2024,7,10.0607048
41051,2025,7,10.0607048
41059,2018,4,71.3499
41059,2019,5,86.3499
41059,2020,7,170.9499
41059,2021,10,310.6398
41059,2022,12,403.0397
41059,2023,15,545.4396
41059,2024,18,695.4396
41059,2025,20,795.4396
41065,2018,4,127.93335
41065,2019,4,127.93335
41065,2020,4,142.59995
41065,2021,4,142.59995
41065,2022,4,142.59995
41065,2023,4,142.59995
41065,2024,4,142.59995
41065,2025,6,170.14655
41067,2018,12,52.89943
41067,2019,12,65.19943
41067,2020,14,80.263735
41067,2021,17,127.30128
41067,2022,19,178.02628
41067,2023,25,349.88752999999997
41067,2024,29,514.61253
41067,2025,29,527.98753
42003,2018,20,21.3402
42003,2019,21,26.3402
42003,2020,21,26.3402
42003,2021,21,26.3402
42003,2022,21,26.3402
42003,2023,21,26.3402
42003,2024,22,44.522018200000005
42003,2025,22,44.522018200000005
42007,2023,1,50.0
42007,2024,2,400.0
42007,2025,2,400.0
42011,2018,4,42.296
42011,2019,4,42.296
42011,2020,4,42.296
42011,2021,4,42.296
42011,2022,4,42.296
42011,2023,4,42.296
42011,2024,4,42.296
42011,2025,4,42.296
42017,2018,1,0.932
42017,2019,1,1.165
42017,2020,1,1.456
42017,2021,1,1.456
42017,2022,1,1.456
42017,2023,1,1.456
42017,2024,1,1.456
42017,2025,1,1.456
42019,2018,2,10.18
42019,2019,2,10.18
42019,2020,2,10.18
42019,2021,2,10.18
42019,2022,2,10.18
42019,2023,2,10.18
42019,2024,2,10.18
42019,2025,2,10.18
42027,2018,1,0.24
42027,2019,1,0.24
42027,2020,1,0.24
42027,2021,1,0.24
42027,2022,2,9.040000000000001
42027,2023,2,9.040000000000001
42027,2024,2,9.040000000000001
42027,2025,2,9.040000000000001
42029,2018,1,0.1
42029,2019,1,0.1
42029,2020,1,0.1
42029,2021,1,0.1
42029,2022,1,0.1
42029,2023,1,0.1
42029,2024,1,0.1
42029,2025,1,0.1
42041,2018,1,0.8
42041,2019,1,0.8
42041,2020,1,0.8
42041,2021,1,0.8
42041,2022,1,0.8
42041,2023,1,0.8
42041,2024,1,0.8
42041,2025,1,0.8
42043,2018,2,1.347
42043,2019,2,1.347
42043,2020,2,1.347
42043,2021,2,1.347
42043,2022,2,1.347
42043,2023,2,1.347
42043,2024,2,1.347
42043,2025,2,1.347
42071,2018,1,0.24
42071,2019,1,0.24
42071,2020,1,0.24
42071,2021,1,0.24
42071,2022,1,0.24
42071,2023,1,0.24
42071,2024,1,0.24
42071,2025,1,0.24
42077,2018,1,5.431
42077,2019,1,5.431
42077,2020,1,5.431
42077,2021,1,5.431
42077,2022,1,5.431
42077,2023,1,5.431
42077,2024,1,5.431
42077,2025,1,5.431
42079,2023,2,90.0
42079,2024,3,130.0
42079,2025,4,170.0
42085,2025,1,17.5
42091,2018,8,26.09
42091,2019,8,27.042
42091,2020,8,27.042
42091,2021,9,31.162
42091,2022,9,32.522
42091,2023,9,33.542
42091,2024,9,33.542
42091,2025,9,34.562
42095,2018,3,3.4730000000000003
42095,2019,3,3.4730000000000003
42095,2020,3,3.4730000000000003
42095,2021,3,3.4730000000000003
42095,2022,3,3.4730000000000003
42095,2023,3,3.4730000000000003
42095,2024,3,3.4730000000000003
42095,2025,3,3.4730000000000003
42101,2018,20,233.493
42101,2019,20,233.493
42101,2020,20,233.493
42101,2021,20,233.493
42101,2022,20,233.493
42101,2023,20,233.493
42101,2024,20,233.493
42101,2025,20,233.493
42121,2021,1,90.0
42121,2022,1,90.0
42121,2023,1,90.0
42121,2024,1,90.0
42121,2025,1,90.0
42125,2018,1,0.05
42125,2019,1,0.05
42125,2020,1,0.05
42125,2021,1,0.05
42125,2022,1,0.05
42125,2023,1,0.05
42125,2024,1,0.05
42125,2025,1,0.05
44007,2018,6,1.825
44007,2019,6,1.825
44007,2020,6,1.825
44007,2021,6,1.825
44007,2022,6,1.825
44007,2023,6,1.825
44007,2024,6,1.825
44007,2025,6,1.825
45007,2023,1,18.0
45007,2024,1,18.0
45007,2025,1,18.0
45015,2018,6,212.5238
45015,2019,8,293.81073330000004
45015,2020,8,293.81073330000004
45015,2021,9,334.3576666
45015,2022,10,375.01046660000003
45015,2023,10,375.01046660000003
45015,2024,10,375.01046660000003
45015,2025,10,375.01046660000003
45019,2018,1,0.25
45019,2019,1,0.25
45019,2020,1,0.25
45019,2021,1,0.25
45019,2022,1,0.25
45019,2023,1,0.25
45019,2024,1,0.25
45019,2025,1,0.25
45045,2018,2,1.0
45045,2019,2,1.0
45045,2020,2,1.0
45045,2021,2,1.0
45045,2022,4,18.0
45045,2023,4,20.5631635
45045,2024,5,60.5631635
45045,2025,5,60.5631635
45051,2023,1,1.0
45051,2024,1,1.0
45051,2025,1,1.0
45053,2018,1,1.5
45053,2019,1,1.5
45053,2020,1,1.5
45053,2021,1,1.5
45053,2022,1,1.5
45053,2023,1,1.5
45053,2024,1,1.5
45053,2025,1,1.5
45079,2018,3,0.85
45079,2019,3,0.85
45079,2020,3,0.85
45079,2021,3,0.85
45079,2022,3,0.85
45079,2023,3,0.85
45079,2024,3,0.85
45079,2025,3,0.85
45083,2018,2,1.1
45083,2019,2,1.1
45083,2020,2,1.1
45083,2021,2,1.1
45083,2022,3,19.1
45083,2023,5,95.1
45083,2024,5,95.1
45083,2025,5,95.1
45087,2023,1,9.0
45087,2024,1,9.0
45087,2025,1,9.0
45091,2018,2,0.9
45091,2019,2,0.9
45091,2020,2,0.9
45091,2021,2,0.9
45091,2022,2,0.9
45091,2023,2,0.9
45091,2024,2,0.9
45091,2025,3,72.9
46099,2018,2,1.35
46099,2019,2,1.35
46099,2020,2,1.35
46099,2021,2,1.35
46099,2022,2,1.35
46099,2023,2,1.35
46099,2024,2,1.35
46099,2025,2,1.35
46119,2023,1,30.0
46119,2024,1,30.0
46119,2025,1,30.0
46127,2023,1,6.0
46127,2024,1,6.0
46127,2025,1,6.0
47013,2024,1,20.0
47013,2025,1,20.0
47025,2024,1,20.0
47025,2025,1,20.0
47035,2024,2,40.0
47035,2025,2,40.0
47037,2018,10,10.861
47037,2019,10,10.861
47037,2020,10,10.861
47037,2021,9,11.7628182
47037,2022,9,11.7628182
47037,2023,9,11.7628182
47037,2024,10,14.2628182
47037,2025,10,14.2628182
47063,2018,1,0.12
47063,2019,1,0.12
47063,2020,1,0.12
47063,2021,1,0.12
47063,2022,1,0.12
47063,2023,1,0.12
47063,2024,1,0.12
47063,2025,1,0.12
47065,2018,7,4.025
47065,2019,7,4.025
47065,2020,7,4.025
47065,2021,7,4.025
47065,2022,7,4.025
47065,2023,7,4.025
47065,2024,7,4.025
47065,2025,7,4.025
47093,2018,7,4.002
47093,2019,6,3.8320000000000003
47093,2020,7,66.832
47093,2021,7,66.832
47093,2022,7,89.832
47093,2023,7,89.832
47093,2024,7,89.832
47093,2025,7,89.832
47105,2023,1,20.0
47105,2024,1,20.0
47105,2025,1,20.0
47107,2024,1,20.0
47107,2025,1,20.0
47113,2018,1,0.05
47113,2019,1,0.05
47113,2020,1,0.05
47113,2021,1,0.05
47113,2022,1,0.05
47113,2023,1,0.05
47113,2024,1,0.05
47113,2025,2,20.05
47121,2021,1,20.0
47121,2022,1,20.0
47121,2023,1,20.0
47121,2024,1,20.0
47121,2025,1,20.0
47125,2019,1,30.0
47125,2020,3,90.0
47125,2021,3,90.0
47125,2022,3,90.0
47125,2023,4,120.0
47125,2024,4,120.0
47125,2025,4,120.0
47149,2018,2,1.4
47149,2019,2,1.4
47149,2020,2,1.4
47149,2021,2,1.4
47149,2022,2,1.4
47149,2023,2,1.4
47149,2024,2,1.4
47149,2025,2,1.4
47151,2021,1,20.0
47151,2022,1,20.0
47151,2023,1,20.0
47151,2024,2,40.0
47151,2025,2,40.0
47157,2018,9,3.819
47157,2019,9,3.819
47157,2020,9,4.569
47157,2021,9,4.569
47157,2022,9,4.569
47157,2023,10,8.568999999999999
47157,2024,10,8.568999999999999
47157,2025,11,48.569
47165,2023,2,80.0
47165,2024,2,80.0
47165,2025,3,120.0
47173,2022,1,9.090909100000001
47173,2023,1,9.090909100000001
47173,2024,1,9.090909100000001
47173,2025,1,9.090909100000001
47177,2018,1,0.144
47177,2019,1,0.144
47177,2020,1,0.144
47177,2021,1,0.144
47177,2022,1,0.144
47177,2023,1,0.144
47177,2024,1,0.144
47177,2025,1,0.144
47179,2023,1,12.0
47179,2024,1,12.0
47179,2025,1,12.0
47187,2018,9,14.672
47187,2019,9,19.472
47187,2020,9,20.7024
47187,2021,9,20.7024
47187,2022,9,20.7024
47187,2023,9,20.7024
47187,2024,9,20.7024
47187,2025,9,20.7024
48003,2022,2,50.0
48003,2023,2,50.0
48003,2024,2,50.0
48003,2025,2,50.0
48027,2018,1,0.3
48027,2019,1,0.3
48027,2020,1,0.3
48027,2021,1,0.3
48027,2022,1,0.3
48027,2023,1,0.3
48027,2024,2,44.3
48027,2025,2,44.3
48029,2018,17,155.30821
48029,2019,17,155.30821
48029,2020,20,210.80821
48029,2021,20,211.80951000000002
48029,2022,22,268.70618
48029,2023,25,344.60415
48029,2024,26,361.50076
48029,2025,27,372.00076
48039,2025,2,34.0
48041,2018,2,1.87157
48041,2019,2,1.87157
48041,2020,2,1.87157
48041,2021,2,1.87157
48041,2022,2,1.87157
48041,2023,2,1.87157
48041,2024,2,1.87157
48041,2025,2,1.87157
48045,2025,1,50.0
48061,2018,1,0.15
48061,2019,1,0.15
48061,2020,1,0.15
48061,2021,1,0.15
48061,2022,1,0.15
48061,2023,1,0.15
48061,2024,1,0.15
48061,2025,1,0.15
48067,2022,1,40.0
48067,2023,1,40.0
48067,2024,1,40.0
48067,2025,1,40.0
48075,2023,1,20.0
48075,2024,1,20.0
48075,2025,1,45.0
48085,2018,19,66.8935992
48085,2019,20,84.3298472
48085,2020,21,95.4995272
48085,2021,21,99.5001872
48085,2022,21,106.6751872
48085,2023,21,121.5534597
48085,2024,23,173.4941197
48085,2025,24,220.06329
48103,2023,1,280.0
48103,2024,1,280.0
48103,2025,1,280.0
48109,2024,1,63.0
48109,2025,1,63.0
48113,2018,89,466.9957236
48113,2019,87,479.1823788
48113,2020,89,504.1811868
48113,2021,88,530.2469399
48113,2022,89,539.4069399
48113,2023,87,549.4929299
48113,2024,95,696.45589
48113,2025,96,733.29909
48121,2018,7,79.16731999999999
48121,2019,6,78.32831999999999
48121,2020,6,78.32831999999999
48121,2021,7,78.48621
48121,2022,8,203.48621
48121,2023,8,203.48621
48121,2024,9,223.48621
48121,2025,9,223.48621
48125,2022,1,180.0
48125,2023,1,180.0
48125,2024,1,180.0
48125,2025,1,180.0
48135,2022,1,143.0
48135,2023,1,207.0
48135,2024,1,207.0
48135,2025,1,207.0
48139,2019,2,82.5
48139,2020,2,82.5
48139,2021,2,82.5
48139,2022,3,97.5
48139,2023,5,127.5
48139,2024,6,142.5
48139,2025,9,217.5
48141,2018,4,2.3852
48141,2019,4,2.3852
48141,2020,4,2.3852
48141,2021,4,2.3852
48141,2022,4,2.3852
48141,2023,4,2.3852
48141,2024,4,2.3852
48141,2025,4,2.3852
48167,2024,1,30.0
48167,2025,1,50.0
48173,2022,1,40.0
48173,2023,2,172.0
48173,2024,1,200.0
48173,2025,1,200.0
48183,2018,1,0.1
48183,2019,1,0.1
48183,2020,1,0.1
48183,2021,1,0.1
48183,2022,1,0.1
48183,2023,1,0.1
48183,2024,1,0.1
48183,2025,1,0.1
48201,2018,34,162.17122999999998
48201,2019,34,165.17122999999998
48201,2020,34,169.22123
48201,2021,34,169.22123
48201,2022,35,202.79408
48201,2023,33,217.06803
48201,2024,33,217.06803
48201,2025,33,217.06803
48215,2018,4,0.6338
48215,2019,4,0.6338
48215,2020,5,1.1338
48215,2021,5,1.1338
48215,2022,5,1.1338
48215,2023,5,1.1338
48215,2024,5,1.1338
48215,2025,5,1.1338
48221,2022,1,18.0
48221,2023,5,387.7
48221,2024,5,386.1
48221,2025,4,320.7
48275,2025,1,166.0
48277,2025,1,20.0
48309,2018,2,3.65
48309,2019,2,3.65
48309,2020,2,3.65
48309,2021,2,3.65
48309,2022,2,3.65
48309,2023,2,3.65
48309,2024,2,3.65
48309,2025,2,3.65
48323,2023,1,0.2
48323,2024,1,0.2
48323,2025,1,0.2
48325,2022,1,13.23083
48325,2023,2,53.23083
48325,2024,2,53.23083
48325,2025,3,83.23083
48329,2022,1,23.0
48329,2023,1,23.0
48329,2024,1,23.0
48329,2025,1,23.0
48331,2019,1,563.0
48331,2020,1,563.0
48331,2021,2,863.0
48331,2022,2,863.0
48331,2023,2,1013.0
48331,2024,2,1192.0
48331,2025,2,1192.0
48337,2018,1,0.00375
48337,2019,1,0.00375
48337,2020,1,0.00375
48337,2021,1,0.00375
48337,2022,1,0.00375
48337,2023,1,0.00375
48337,2024,1,0.00375
48337,2025,1,0.00375
48339,2018,3,9.27907
48339,2019,3,9.27907
48339,2020,3,9.27907
48339,2021,3,9.27907
48339,2022,3,9.27907
48339,2023,3,9.27907
48339,2024,3,9.27907
48339,2025,3,9.27907
48347,2019,1,0.8
48347,2020,1,0.8
48347,2021,1,0.8
48347,2022,1,0.8
48347,2023,1,0.8
48347,2024,1,0.8
48347,2025,1,0.8
48349,2025,1,400.0
48355,2018,2,0.30736
48355,2019,2,0.30736
48355,2020,2,0.30736
48355,2021,2,0.30736
48355,2022,2,0.30736
48355,2023,5,320.30736
48355,2024,6,420.30736
48355,2025,6,420.30736
48371,2021,1,25.0
48371,2022,1,25.0
48371,2023,2,425.0
48371,2024,4,497.0
48371,2025,4,497.0
48375,2018,2,2.4909
48375,2019,2,2.4909
48375,2020,2,2.4909
48375,2021,2,2.4909
48375,2022,2,2.4909
48375,2023,2,2.4909
48375,2024,2,2.4909
48375,2025,2,2.4909
48381,2018,1,0.015
48381,2019,1,0.015
48381,2020,1,0.015
48381,2021,1,0.015
48381,2022,2,10.015
48381,2023,2,10.015
48381,2024,2,10.015
48381,2025,2,10.015
48389,2022,1,50.0
48389,2023,1,50.0
48389,2024,1,50.0
48389,2025,1,50.0
48439,2018,14,117.64233
48439,2019,14,123.11433
48439,2020,15,159.50173
48439,2021,15,159.50173
48439,2022,15,159.50173
48439,2023,16,191.70173
48439,2024,17,197.30173
48439,2025,17,200.30173
48441,2018,1,0.1
48441,2019,1,0.1
48441,2020,1,0.1
48441,2021,1,0.1
48441,2022,2,200.1
48441,2023,2,200.1
48441,2024,2,200.1
48441,2025,2,200.1
48453,2018,25,87.57517
48453,2019,25,87.57517
48453,2020,25,87.57517
48453,2021,24,89.95415
48453,2022,24,89.95415
48453,2023,24,91.45415
48453,2024,25,95.95415
48453,2025,26,110.71415
48461,2022,1,15.0
48461,2023,1,15.0
48461,2024,1,15.0
48461,2025,1,15.0
48475,2022,2,412.0
48475,2023,3,423.0
48475,2024,3,423.0
48475,2025,3,423.0
48479,2018,3,0.9
48479,2019,3,0.9
48479,2020,3,0.9
48479,2021,3,0.9
48479,2022,3,0.9
48479,2023,3,0.9
48479,2024,3,0.9
48479,2025,3,0.9
48485,2018,1,0.15
48485,2019,1,0.15
48485,2020,1,0.15
48485,2021,1,0.15
48485,2022,1,0.15
48485,2023,1,0.15
48485,2024,1,0.15
48485,2025,1,0.15
48491,2018,1,1.5
48491,2019,1,1.5
48491,2020,1,1.5
48491,2021,1,1.5
48491,2022,1,1.5
48491,2023,1,1.5
48491,2024,4,23.564999999999998
48491,2025,4,32.565
49035,2018,19,95.658
49035,2019,20,98.658
49035,2020,21,167.897
49035,2021,22,187.89679999999998
49035,2022,23,197.89679999999998
49035,2023,23,197.89679999999998
49035,2024,23,197.89679999999998
49035,2025,24,269.8968
49049,2018,5,8.916
49049,2019,5,8.916
49049,2020,5,8.916
49049,2021,7,78.916
49049,2022,10,183.916
49049,2023,10,183.916
49049,2024,10,183.916
49049,2025,10,183.916
49053,2018,1,2.0
49053,2019,1,2.0
49053,2020,1,2.0
49053,2021,1,2.0
49053,2022,1,2.0
49053,2023,1,2.0
49053,2024,1,2.0
49053,2025,1,2.0
49057,2018,1,1.5
49057,2019,1,1.5
49057,2020,1,1.5
49057,2021,1,1.5
49057,2022,1,1.5
49057,2023,1,1.5
49057,2024,1,1.5
49057,2025,1,1.5
50007,2018,2,1.79
50007,2019,2,1.79
50007,2020,2,1.79
50007,2021,2,1.79
50007,2022,2,1.79
50007,2023,2,1.79
50007,2024,2,1.79
50007,2025,2,1.79
51041,2021,1,4.5
51041,2022,1,4.5
51041,2023,1,8.3333333
51041,2024,1,25.0
51041,2025,1,25.0
51047,2018,6,36.72712
51047,2019,6,36.72712
51047,2020,7,46.10212
51047,2021,7,46.10212
51047,2022,7,46.10212
51047,2023,7,46.10212
51047,2024,7,46.10212
51047,2025,7,46.10212
51059,2018,42,159.6301989
51059,2019,42,168.2849416
51059,2020,41,170.8770614
51059,2021,41,172.3860614
51059,2022,43,204.0744914
51059,2023,45,261.75349140000003
51059,2024,47,354.89049140000003
51059,2025,47,402.8024914
51061,2018,1,5.625
51061,2019,1,5.625
51061,2020,1,5.625
51061,2021,2,14.979
51061,2022,4,27.439
51061,2023,4,30.564
51061,2024,4,32.127
51061,2025,4,33.689
51069,2018,1,6.09716
51069,2019,1,6.09716
51069,2020,1,6.09716
51069,2021,1,6.09716
51069,2022,1,6.09716
51069,2023,1,6.09716
51069,2024,1,6.09716
51069,2025,1,6.09716
51085,2018,2,0.704
51085,2019,2,0.704
51085,2020,2,0.704
51085,2021,2,0.704
51085,2022,2,0.704
51085,2023,2,0.704
51085,2024,2,0.704
51085,2025,2,0.704
51087,2018,7,29.3068432
51087,2019,7,29.3068432
51087,2020,9,99.3068432
51087,2021,10,138.3567862
51087,2022,10,138.3567862
51087,2023,12,210.35700179999998
51087,2024,15,316.3571096
51087,2025,15,316.3571096
51107,2018,108,1354.8689419
51107,2019,128,1817.0238791
51107,2020,135,2040.4803678
51107,2021,154,2524.4622097
51107,2022,162,2831.3015097
51107,2023,183,3504.6562363
51107,2024,204,4343.5154869
51107,2025,214,4740.8181038
51117,2018,10,93.255
51117,2019,12,117.051
51117,2020,13,121.993
51117,2021,14,141.93
51117,2022,15,161.86700000000002
51117,2023,18,207.741
51117,2024,21,296.11400000000003
51117,2025,22,316.082
51153,2018,19,228.60811999999999
51153,2019,26,332.24667
51153,2020,29,427.91123
51153,2021,34,553.52081
51153,2022,38,674.13247
51153,2023,43,843.42347
51153,2024,57,1425.6870325
51153,2025,66,1760.0950428
51161,2018,1,0.615
51161,2019,1,0.615
51161,2020,1,0.615
51161,2021,1,0.615
51161,2022,1,0.615
51161,2023,1,0.615
51161,2024,1,0.615
51161,2025,1,0.615
51169,2018,1,0.05
51169,2019,1,0.05
51169,2020,1,0.05
51169,2021,1,0.05
51169,2022,1,0.05
51169,2023,1,0.05
51169,2024,1,0.05
51169,2025,1,0.05
51193,2020,1,12.0
51193,2021,1,12.0
51193,2022,1,12.0
51193,2023,1,12.0
51193,2024,1,12.0
51193,2025,1,12.0
51540,2018,1,0.05
51540,2019,1,0.05
51540,2020,1,0.05
51540,2021,1,0.05
51540,2022,1,0.05
51540,2023,1,0.05
51540,2024,1,0.05
51540,2025,1,0.05
51580,2018,1,0.05
51580,2019,1,0.05
51580,2020,1,0.05
51580,2021,1,0.05
51580,2022,1,0.05
51580,2023,1,0.05
51580,2024,1,0.05
51580,2025,1,0.05
51660,2018,4,6.67
51660,2019,3,6.17
51660,2020,3,6.17
51660,2021,3,6.17
51660,2022,3,6.17
51660,2023,3,6.17
51660,2024,3,6.17
51660,2025,3,6.17
51680,2018,1,0.05
51680,2019,1,0.05
51680,2020,1,0.05
51680,2021,1,0.05
51680,2022,1,0.05
51680,2023,1,0.05
51680,2024,1,0.05
51680,2025,1,0.05
51683,2018,2,1.80015
51683,2019,2,1.80015
51683,2020,2,1.80015
51683,2021,2,1.80015
51683,2022,2,1.80015
51683,2023,2,1.80015
51683,2024,2,1.80015
51683,2025,2,1.80015
51710,2018,1,0.9
51710,2019,1,0.9
51710,2020,1,0.9
51710,2021,1,0.9
51710,2022,1,0.9
51710,2023,1,0.9
51710,2024,1,0.9
51710,2025,1,0.9
51760,2018,1,0.1744
51760,2019,1,0.1744
51760,2020,1,0.1744
51760,2021,1,0.1744
51760,2022,1,0.1744
51760,2023,1,0.1744
51760,2024,1,0.1744
51760,2025,1,0.1744
51810,2018,1,0.035
51810,2019,1,0.035
51810,2020,1,0.035
51810,2021,1,0.035
51810,2022,1,0.035
51810,2023,1,0.035
51810,2024,1,0.035
51810,2025,1,0.035
51820,2018,1,0.05
51820,2019,1,0.05
51820,2020,1,0.05
51820,2021,1,0.05
51820,2022,1,0.05
51820,2023,1,0.05
51820,2024,1,0.05
51820,2025,1,0.05
53007,2018,1,12.0
53007,2019,1,12.0
53007,2020,1,12.0
53007,2021,1,12.0
53007,2022,1,12.0
53007,2023,2,14.0
53007,2024,2,14.0
53007,2025,2,14.0
53017,2018,6,79.01
53017,2019,6,79.01
53017,2020,7,82.76
53017,2021,7,86.51
53017,2022,7,92.31
53017,2023,7,84.81
53017,2024,7,84.81
53017,2025,7,84.81
53025,2018,18,384.85809340000003
53025,2019,20,468.29129340000003
53025,2020,20,471.5221267
53025,2021,23,559.72186
53025,2022,23,608.75186
53025,2023,30,717.983385
53025,2024,30,730.029885
53025,2025,31,748.029885
53033,2018,49,197.5937553
53033,2019,49,198.7938353
53033,2020,49,201.3922753
53033,2021,45,199.2222571
53033,2022,45,202.9484741
53033,2023,44,202.7573441
53033,2024,42,195.2881941
53033,2025,42,195.2881941
53051,2024,1,100.0
53051,2025,1,100.0
53053,2018,3,11.63138
53053,2019,3,11.63138
53053,2020,3,11.63138
53053,2021,3,11.63138
53053,2022,3,11.63138
53053,2023,3,11.63138
53053,2024,4,23.63138
53053,2025,4,23.63138
53061,2018,6,8.8544
53061,2019,6,10.6619
53061,2020,6,10.6619
53061,2021,6,10.6619
53061,2022,6,10.6619
53061,2023,6,10.6619
53061,2024,6,10.6619
53061,2025,6,10.6619
53063,2018,5,5.35604
53063,2019,5,5.35604
53063,2020,5,5.35604
53063,2021,5,5.35604
53063,2022,5,5.35604
53063,2023,5,5.35604
53063,2024,5,5.35604
53063,2025,5,5.35604
53073,2018,1,0.9829972
53073,2019,1,0.9829972
53073,2020,1,0.9829972
53073,2021,1,0.9829972
53073,2022,1,0.9829972
53073,2023,1,0.9829972
53073,2024,1,0.9829972
53073,2025,1,0.9829972
54039,2018,1,0.05
54039,2019,1,0.05
54039,2020,1,0.05
54039,2021,1,0.05
54039,2022,1,0.05
54039,2023,1,0.05
54039,2024,1,0.05
54039,2025,1,0.05
54047,2021,1,90.0
54047,2022,1,90.0
54047,2023,1,90.0
54047,2024,1,90.0
54047,2025,1,90.0
55025,2018,10,8.853
55025,2019,10,10.353
55025,2020,10,10.353
55025,2021,10,12.603000000000002
55025,2022,10,12.603000000000002
55025,2023,10,12.603000000000002
55025,2024,10,12.603000000000002
55025,2025,10,12.603000000000002
55059,2018,2,1.25
55059,2019,2,1.25
55059,2020,2,1.25
55059,2021,2,1.25
55059,2022,2,1.25
55059,2023,2,1.25
55059,2024,2,1.25
55059,2025,2,1.25
55079,2018,11,9.955680000000001
55079,2019,11,9.955680000000001
55079,2020,11,11.534680000000002
55079,2021,11,11.534680000000002
55079,2022,11,11.534680000000002
55079,2023,11,11.534680000000002
55079,2024,11,11.534680000000002
55079,2025,11,11.534680000000002
55101,2024,1,90.0
55101,2025,1,90.0
55131,2018,1,0.2
55131,2019,1,0.2
55131,2020,1,0.2
55131,2021,1,0.2
55131,2022,1,0.2
55131,2023,1,0.2
55131,2024,1,0.2
55131,2025,1,0.2
55133,2018,6,4.7219999999999995
55133,2019,6,4.7219999999999995
55133,2020,6,4.7219999999999995
55133,2021,6,4.7219999999999995
55133,2022,6,4.7219999999999995
55133,2023,6,4.7219999999999995
55133,2024,6,4.7219999999999995
55133,2025,6,4.7219999999999995
56021,2018,9,139.7
56021,2019,9,139.7
56021,2020,10,204.7
56021,2021,10,204.7
56021,2022,10,204.7
56021,2023,10,204.7
56021,2024,12,232.2
56021,2025,12,232.2
56025,2018,1,0.05
56025,2019,1,0.05
56025,2020,1,0.05
56025,2021,1,0.05
56025,2022,1,0.05
56025,2023,1,0.05
56025,2024,1,0.05
56025,2025,1,0.05
66010,2018,1,2.202
66010,2019,1,2.202
66010,2020,1,2.202
66010,2021,1,2.202
66010,2022,1,2.202
66010,2023,1,2.202
66010,2024,1,2.202
66010,2025,1,2.202
78010,2018,1,0.05
78010,2019,1,0.05
78010,2020,1,0.05
78010,2021,1,0.05
78010,2022,1,0.05
78010,2023,1,0.05
78010,2024,1,0.05
78010,2025,1,0.05
