county_fips,year,cum_ann_mw,dose,log_dose,dose_w
01089,2008,0.0,0.0,0.0,0.0
01089,2009,0.0,0.0,0.0,0.0
01089,2010,0.0,0.0,0.0,0.0
01089,2011,0.0,0.0,0.0,0.0
01089,2012,0.0,0.0,0.0,0.0
01089,2013,0.0,0.0,0.0,0.0
01089,2014,0.0,0.0,0.0,0.0
01089,2015,0.0,0.0,0.0,0.0
01089,2016,0.0,0.0,0.0,0.0
01089,2017,0.0,0.0,0.0,0.0
01089,2018,0.0,0.0,0.0,0.0
01089,2019,0.0,0.0,0.0,0.0
01089,2020,0.0,0.0,0.0,0.0
01089,2021,80.0,1.6467682173734048,0.9733393551395143,1.6467682173734048
01089,2022,320.0,6.587072869493619,2.0264458608298646,6.587072869493619
01089,2023,320.0,6.587072869493619,2.0264458608298646,6.587072869493619
01089,2024,320.0,6.587072869493619,2.0264458608298646,6.587072869493619
01089,2025,320.0,6.587072869493619,2.0264458608298646,6.587072869493619
04013,2008,0.0,0.0,0.0,0.0
04013,2009,0.0,0.0,0.0,0.0
04013,2010,0.0,0.0,0.0,0.0
04013,2011,0.0,0.0,0.0,0.0
04013,2012,0.0,0.0,0.0,0.0
04013,2013,0.0,0.0,0.0,0.0
04013,2014,0.0,0.0,0.0,0.0
04013,2015,152.2584,0.256809763798652,0.2285765767058735,0.256809763798652
04013,2016,152.2584,0.256809763798652,0.2285765767058735,0.256809763798652
04013,2017,152.2584,0.256809763798652,0.2285765767058735,0.256809763798652
04013,2018,152.2584,0.256809763798652,0.2285765767058735,0.256809763798652
04013,2019,152.2584,0.256809763798652,0.2285765767058735,0.256809763798652
04013,2020,152.2584,0.256809763798652,0.2285765767058735,0.256809763798652
04013,2021,292.41839999999996,0.4932135122553484,0.40093051721058964,0.4932135122553484
04013,2022,556.6583999999999,0.9388993462464831,0.6621204647772335,0.9388993462464831
04013,2023,556.6583999999999,0.9388993462464831,0.6621204647772335,0.9388993462464831
04013,2024,556.6583999999999,0.9388993462464831,0.6621204647772335,0.9388993462464831
04013,2025,556.6583999999999,0.9388993462464831,0.6621204647772335,0.9388993462464831
13075,2008,0.0,0.0,0.0,0.0
13075,2009,0.0,0.0,0.0,0.0
13075,2010,0.0,0.0,0.0,0.0
13075,2011,0.0,0.0,0.0,0.0
13075,2012,0.0,0.0,0.0,0.0
13075,2013,0.0,0.0,0.0,0.0
13075,2014,0.0,0.0,0.0,0.0
13075,2015,0.0,0.0,0.0,0.0
13075,2016,0.0,0.0,0.0,0.0
13075,2017,0.0,0.0,0.0,0.0
13075,2018,0.0,0.0,0.0,0.0
13075,2019,270.0,60.64690026954178,4.121422948857924,50.0
13075,2020,270.0,60.64690026954178,4.121422948857924,50.0
13075,2021,270.0,60.64690026954178,4.121422948857924,50.0
13075,2022,270.0,60.64690026954178,4.121422948857924,50.0
13075,2023,270.0,60.64690026954178,4.121422948857924,50.0
13075,2024,270.0,60.64690026954178,4.121422948857924,50.0
13075,2025,270.0,60.64690026954178,4.121422948857924,50.0
13097,2008,100.0,2.1610407572286814,1.1509013269272252,2.1610407572286814
13097,2009,100.0,2.1610407572286814,1.1509013269272252,2.1610407572286814
13097,2010,100.0,2.1610407572286814,1.1509013269272252,2.1610407572286814
13097,2011,100.0,2.1610407572286814,1.1509013269272252,2.1610407572286814
13097,2012,100.0,2.1610407572286814,1.1509013269272252,2.1610407572286814
13097,2013,100.0,2.1610407572286814,1.1509013269272252,2.1610407572286814
13097,2014,100.0,2.1610407572286814,1.1509013269272252,2.1610407572286814
13097,2015,340.0,7.347538574577516,2.1219667139184386,7.347538574577516
13097,2016,340.0,7.347538574577516,2.1219667139184386,7.347538574577516
13097,2017,340.0,7.347538574577516,2.1219667139184386,7.347538574577516
13097,2018,340.0,7.347538574577516,2.1219667139184386,7.347538574577516
13097,2019,340.0,7.347538574577516,2.1219667139184386,7.347538574577516
13097,2020,340.0,7.347538574577516,2.1219667139184386,7.347538574577516
13097,2021,340.0,7.347538574577516,2.1219667139184386,7.347538574577516
13097,2022,340.0,7.347538574577516,2.1219667139184386,7.347538574577516
13097,2023,340.0,7.347538574577516,2.1219667139184386,7.347538574577516
13097,2024,340.0,7.347538574577516,2.1219667139184386,7.347538574577516
13097,2025,340.0,7.347538574577516,2.1219667139184386,7.347538574577516
13121,2008,52.718599999999995,0.09431804560377137,0.09013137985163804,0.09431804560377137
13121,2009,52.718599999999995,0.09431804560377137,0.09013137985163804,0.09431804560377137
13121,2010,52.718599999999995,0.09431804560377137,0.09013137985163804,0.09431804560377137
13121,2011,52.718599999999995,0.09431804560377137,0.09013137985163804,0.09431804560377137
13121,2012,52.718599999999995,0.09431804560377137,0.09013137985163804,0.09431804560377137
13121,2013,52.718599999999995,0.09431804560377137,0.09013137985163804,0.09431804560377137
13121,2014,52.718599999999995,0.09431804560377137,0.09013137985163804,0.09431804560377137
13121,2015,52.718599999999995,0.09431804560377137,0.09013137985163804,0.09431804560377137
13121,2016,52.718599999999995,0.09431804560377137,0.09013137985163804,0.09431804560377137
13121,2017,52.718599999999995,0.09431804560377137,0.09013137985163804,0.09431804560377137
13121,2018,52.718599999999995,0.09431804560377137,0.09013137985163804,0.09431804560377137
13121,2019,152.71859999999998,0.27322652497115096,0.24155424951946494,0.27322652497115096
13121,2020,152.71859999999998,0.27322652497115096,0.24155424951946494,0.27322652497115096
13121,2021,152.71859999999998,0.27322652497115096,0.24155424951946494,0.27322652497115096
13121,2022,152.71859999999998,0.27322652497115096,0.24155424951946494,0.27322652497115096
13121,2023,152.71859999999998,0.27322652497115096,0.24155424951946494,0.27322652497115096
13121,2024,152.71859999999998,0.27322652497115096,0.24155424951946494,0.27322652497115096
13121,2025,152.71859999999998,0.27322652497115096,0.24155424951946494,0.27322652497115096
13217,2008,0.0,0.0,0.0,0.0
13217,2009,0.0,0.0,0.0,0.0
13217,2010,0.0,0.0,0.0,0.0
13217,2011,0.0,0.0,0.0,0.0
13217,2012,0.0,0.0,0.0,0.0
13217,2013,0.0,0.0,0.0,0.0
13217,2014,0.0,0.0,0.0,0.0
13217,2015,0.0,0.0,0.0,0.0
13217,2016,0.0,0.0,0.0,0.0
13217,2017,0.0,0.0,0.0,0.0
13217,2018,200.0,6.058586531762139,1.954244823495158,6.058586531762139
13217,2019,200.0,6.058586531762139,1.954244823495158,6.058586531762139
13217,2020,200.0,6.058586531762139,1.954244823495158,6.058586531762139
13217,2021,200.0,6.058586531762139,1.954244823495158,6.058586531762139
13217,2022,200.0,6.058586531762139,1.954244823495158,6.058586531762139
13217,2023,200.0,6.058586531762139,1.954244823495158,6.058586531762139
13217,2024,200.0,6.058586531762139,1.954244823495158,6.058586531762139
13217,2025,200.0,6.058586531762139,1.954244823495158,6.058586531762139
13303,2008,0.0,0.0,0.0,0.0
13303,2009,0.0,0.0,0.0,0.0
13303,2010,0.0,0.0,0.0,0.0
13303,2011,0.0,0.0,0.0,0.0
13303,2012,0.0,0.0,0.0,0.0
13303,2013,0.0,0.0,0.0,0.0
13303,2014,0.0,0.0,0.0,0.0
13303,2015,0.0,0.0,0.0,0.0
13303,2016,0.0,0.0,0.0,0.0
13303,2017,0.0,0.0,0.0,0.0
13303,2018,0.0,0.0,0.0,0.0
13303,2019,0.0,0.0,0.0,0.0
13303,2020,222.0,25.839715083386622,3.289882696674061,25.839715083386622
13303,2021,222.0,25.839715083386622,3.289882696674061,25.839715083386622
13303,2022,222.0,25.839715083386622,3.289882696674061,25.839715083386622
13303,2023,222.0,25.839715083386622,3.289882696674061,25.839715083386622
13303,2024,222.0,25.839715083386622,3.289882696674061,25.839715083386622
13303,2025,222.0,25.839715083386622,3.289882696674061,25.839715083386622
13313,2008,0.0,0.0,0.0,0.0
13313,2009,0.0,0.0,0.0,0.0
13313,2010,0.0,0.0,0.0,0.0
13313,2011,0.0,0.0,0.0,0.0
13313,2012,0.0,0.0,0.0,0.0
13313,2013,0.0,0.0,0.0,0.0
13313,2014,0.0,0.0,0.0,0.0
13313,2015,0.0,0.0,0.0,0.0
13313,2016,0.0,0.0,0.0,0.0
13313,2017,0.0,0.0,0.0,0.0
13313,2018,195.0,7.377979568671964,2.125606783833873,7.377979568671964
13313,2019,195.0,7.377979568671964,2.125606783833873,7.377979568671964
13313,2020,195.0,7.377979568671964,2.125606783833873,7.377979568671964
13313,2021,339.94917499999997,12.862246500189178,2.629169065778113,12.862246500189178
13313,2022,339.94917499999997,12.862246500189178,2.629169065778113,12.862246500189178
13313,2023,339.94917499999997,12.862246500189178,2.629169065778113,12.862246500189178
13313,2024,339.94917499999997,12.862246500189178,2.629169065778113,12.862246500189178
13313,2025,339.94917499999997,12.862246500189178,2.629169065778113,12.862246500189178
13317,2008,0.0,0.0,0.0,0.0
13317,2009,0.0,0.0,0.0,0.0
13317,2010,0.0,0.0,0.0,0.0
13317,2011,0.0,0.0,0.0,0.0
13317,2012,0.0,0.0,0.0,0.0
13317,2013,0.0,0.0,0.0,0.0
13317,2014,0.0,0.0,0.0,0.0
13317,2015,0.0,0.0,0.0,0.0
13317,2016,0.0,0.0,0.0,0.0
13317,2017,0.0,0.0,0.0,0.0
13317,2018,0.0,0.0,0.0,0.0
13317,2019,0.0,0.0,0.0,0.0
13317,2020,0.0,0.0,0.0,0.0
13317,2021,0.0,0.0,0.0,0.0
13317,2022,82.0,16.559678354501113,2.865605271097363,16.559678354501113
13317,2023,82.0,16.559678354501113,2.865605271097363,16.559678354501113
13317,2024,82.0,16.559678354501113,2.865605271097363,16.559678354501113
13317,2025,82.0,16.559678354501113,2.865605271097363,16.559678354501113
16001,2008,96.0,0.8681811604688179,0.6249653160833243,0.8681811604688179
16001,2009,96.0,0.8681811604688179,0.6249653160833243,0.8681811604688179
16001,2010,96.0,0.8681811604688179,0.6249653160833243,0.8681811604688179
16001,2011,96.0,0.8681811604688179,0.6249653160833243,0.8681811604688179
16001,2012,96.0,0.8681811604688179,0.6249653160833243,0.8681811604688179
16001,2013,96.0,0.8681811604688179,0.6249653160833243,0.8681811604688179
16001,2014,96.0,0.8681811604688179,0.6249653160833243,0.8681811604688179
16001,2015,96.0,0.8681811604688179,0.6249653160833243,0.8681811604688179
16001,2016,96.0,0.8681811604688179,0.6249653160833243,0.8681811604688179
16001,2017,96.0,0.8681811604688179,0.6249653160833243,0.8681811604688179
16001,2018,96.0,0.8681811604688179,0.6249653160833243,0.8681811604688179
16001,2019,96.0,0.8681811604688179,0.6249653160833243,0.8681811604688179
16001,2020,96.0,0.8681811604688179,0.6249653160833243,0.8681811604688179
16001,2021,96.0,0.8681811604688179,0.6249653160833243,0.8681811604688179
16001,2022,96.0,0.8681811604688179,0.6249653160833243,0.8681811604688179
16001,2023,96.0,0.8681811604688179,0.6249653160833243,0.8681811604688179
16001,2024,96.0,0.8681811604688179,0.6249653160833243,0.8681811604688179
16001,2025,96.0,0.8681811604688179,0.6249653160833243,0.8681811604688179
17037,2008,0.0,0.0,0.0,0.0
17037,2009,0.0,0.0,0.0,0.0
17037,2010,0.0,0.0,0.0,0.0
17037,2011,0.0,0.0,0.0,0.0
17037,2012,0.0,0.0,0.0,0.0
17037,2013,0.0,0.0,0.0,0.0
17037,2014,0.0,0.0,0.0,0.0
17037,2015,0.0,0.0,0.0,0.0
17037,2016,0.0,0.0,0.0,0.0
17037,2017,0.0,0.0,0.0,0.0
17037,2018,0.0,0.0,0.0,0.0
17037,2019,0.0,0.0,0.0,0.0
17037,2020,180.0,7.477567298105683,2.137423533423857,7.477567298105683
17037,2021,180.0,7.477567298105683,2.137423533423857,7.477567298105683
17037,2022,379.20000000000005,15.752741774675975,2.8185619329160065,15.752741774675975
17037,2023,379.20000000000005,15.752741774675975,2.8185619329160065,15.752741774675975
17037,2024,379.20000000000005,15.752741774675975,2.8185619329160065,15.752741774675975
17037,2025,379.20000000000005,15.752741774675975,2.8185619329160065,15.752741774675975
18127,2008,0.0,0.0,0.0,0.0
18127,2009,0.0,0.0,0.0,0.0
18127,2010,0.0,0.0,0.0,0.0
18127,2011,0.0,0.0,0.0,0.0
18127,2012,0.0,0.0,0.0,0.0
18127,2013,0.0,0.0,0.0,0.0
18127,2014,0.0,0.0,0.0,0.0
18127,2015,0.0,0.0,0.0,0.0
18127,2016,0.0,0.0,0.0,0.0
18127,2017,0.0,0.0,0.0,0.0
18127,2018,0.0,0.0,0.0,0.0
18127,2019,0.0,0.0,0.0,0.0
18127,2020,0.0,0.0,0.0,0.0
18127,2021,0.0,0.0,0.0,0.0
18127,2022,0.0,0.0,0.0,0.0
18127,2023,60.0,1.569242840329541,0.9436112408419381,1.569242840329541
18127,2024,60.0,1.569242840329541,0.9436112408419381,1.569242840329541
18127,2025,60.0,1.569242840329541,0.9436112408419381,1.569242840329541
18141,2008,0.0,0.0,0.0,0.0
18141,2009,0.0,0.0,0.0,0.0
18141,2010,0.0,0.0,0.0,0.0
18141,2011,0.0,0.0,0.0,0.0
18141,2012,0.0,0.0,0.0,0.0
18141,2013,0.0,0.0,0.0,0.0
18141,2014,0.0,0.0,0.0,0.0
18141,2015,0.0,0.0,0.0,0.0
18141,2016,0.0,0.0,0.0,0.0
18141,2017,0.0,0.0,0.0,0.0
18141,2018,0.0,0.0,0.0,0.0
18141,2019,0.0,0.0,0.0,0.0
18141,2020,0.0,0.0,0.0,0.0
18141,2021,0.0,0.0,0.0,0.0
18141,2022,0.0,0.0,0.0,0.0
18141,2023,0.0,0.0,0.0,0.0
18141,2024,120.0,2.114574706162223,1.1360926119911658,2.114574706162223
18141,2025,120.0,2.114574706162223,1.1360926119911658,2.114574706162223
18153,2008,0.0,0.0,0.0,0.0
18153,2009,0.0,0.0,0.0,0.0
18153,2010,0.0,0.0,0.0,0.0
18153,2011,0.0,0.0,0.0,0.0
18153,2012,0.0,0.0,0.0,0.0
18153,2013,0.0,0.0,0.0,0.0
18153,2014,0.0,0.0,0.0,0.0
18153,2015,0.0,0.0,0.0,0.0
18153,2016,0.0,0.0,0.0,0.0
18153,2017,0.0,0.0,0.0,0.0
18153,2018,0.0,0.0,0.0,0.0
18153,2019,0.0,0.0,0.0,0.0
18153,2020,0.0,0.0,0.0,0.0
18153,2021,0.0,0.0,0.0,0.0
18153,2022,115.0,16.827626573017266,2.8807493087698766,16.827626573017266
18153,2023,115.0,16.827626573017266,2.8807493087698766,16.827626573017266
18153,2024,115.0,16.827626573017266,2.8807493087698766,16.827626573017266
18153,2025,115.0,16.827626573017266,2.8807493087698766,16.827626573017266
19153,2008,50.142,0.33608988210532387,0.28974734987639944,0.33608988210532387
19153,2009,50.142,0.33608988210532387,0.28974734987639944,0.33608988210532387
19153,2010,50.142,0.33608988210532387,0.28974734987639944,0.33608988210532387
19153,2011,50.142,0.33608988210532387,0.28974734987639944,0.33608988210532387
19153,2012,50.142,0.33608988210532387,0.28974734987639944,0.33608988210532387
19153,2013,50.142,0.33608988210532387,0.28974734987639944,0.33608988210532387
19153,2014,50.142,0.33608988210532387,0.28974734987639944,0.33608988210532387
19153,2015,50.142,0.33608988210532387,0.28974734987639944,0.33608988210532387
19153,2016,50.142,0.33608988210532387,0.28974734987639944,0.33608988210532387
19153,2017,50.142,0.33608988210532387,0.28974734987639944,0.33608988210532387
19153,2018,50.142,0.33608988210532387,0.28974734987639944,0.33608988210532387
19153,2019,50.142,0.33608988210532387,0.28974734987639944,0.33608988210532387
19153,2020,50.142,0.33608988210532387,0.28974734987639944,0.33608988210532387
19153,2021,50.142,0.33608988210532387,0.28974734987639944,0.33608988210532387
19153,2022,50.142,0.33608988210532387,0.28974734987639944,0.33608988210532387
19153,2023,50.142,0.33608988210532387,0.28974734987639944,0.33608988210532387
19153,2024,50.142,0.33608988210532387,0.28974734987639944,0.33608988210532387
19153,2025,50.142,0.33608988210532387,0.28974734987639944,0.33608988210532387
19155,2008,0.0,0.0,0.0,0.0
19155,2009,0.0,0.0,0.0,0.0
19155,2010,0.0,0.0,0.0,0.0
19155,2011,0.0,0.0,0.0,0.0
19155,2012,120.0,2.6730986171570783,1.3010356156894785,2.6730986171570783
19155,2013,120.0,2.6730986171570783,1.3010356156894785,2.6730986171570783
19155,2014,120.0,2.6730986171570783,1.3010356156894785,2.6730986171570783
19155,2015,180.0,4.009647925735617,1.6113656383231507,4.009647925735617
19155,2016,180.0,4.009647925735617,1.6113656383231507,4.009647925735617
19155,2017,180.0,4.009647925735617,1.6113656383231507,4.009647925735617
19155,2018,180.0,4.009647925735617,1.6113656383231507,4.009647925735617
19155,2019,180.0,4.009647925735617,1.6113656383231507,4.009647925735617
19155,2020,180.0,4.009647925735617,1.6113656383231507,4.009647925735617
19155,2021,180.0,4.009647925735617,1.6113656383231507,4.009647925735617
19155,2022,360.0,8.019295851471234,2.1993662657801907,8.019295851471234
19155,2023,360.0,8.019295851471234,2.1993662657801907,8.019295851471234
19155,2024,360.0,8.019295851471234,2.1993662657801907,8.019295851471234
19155,2025,360.0,8.019295851471234,2.1993662657801907,8.019295851471234
21157,2008,0.0,0.0,0.0,0.0
21157,2009,0.0,0.0,0.0,0.0
21157,2010,0.0,0.0,0.0,0.0
21157,2011,0.0,0.0,0.0,0.0
21157,2012,0.0,0.0,0.0,0.0
21157,2013,0.0,0.0,0.0,0.0
21157,2014,0.0,0.0,0.0,0.0
21157,2015,0.0,0.0,0.0,0.0
21157,2016,0.0,0.0,0.0,0.0
21157,2017,0.0,0.0,0.0,0.0
21157,2018,0.0,0.0,0.0,0.0
21157,2019,150.0,33.952014486192844,3.5539761061086748,33.952014486192844
21157,2020,150.0,33.952014486192844,3.5539761061086748,33.952014486192844
21157,2021,150.0,33.952014486192844,3.5539761061086748,33.952014486192844
21157,2022,150.0,33.952014486192844,3.5539761061086748,33.952014486192844
21157,2023,150.0,33.952014486192844,3.5539761061086748,33.952014486192844
21157,2024,150.0,33.952014486192844,3.5539761061086748,33.952014486192844
21157,2025,150.0,33.952014486192844,3.5539761061086748,33.952014486192844
28089,2008,0.0,0.0,0.0,0.0
28089,2009,0.0,0.0,0.0,0.0
28089,2010,0.0,0.0,0.0,0.0
28089,2011,0.0,0.0,0.0,0.0
28089,2012,0.0,0.0,0.0,0.0
28089,2013,0.0,0.0,0.0,0.0
28089,2014,0.0,0.0,0.0,0.0
28089,2015,0.0,0.0,0.0,0.0
28089,2016,0.0,0.0,0.0,0.0
28089,2017,0.0,0.0,0.0,0.0
28089,2018,0.0,0.0,0.0,0.0
28089,2019,0.0,0.0,0.0,0.0
28089,2020,0.0,0.0,0.0,0.0
28089,2021,0.0,0.0,0.0,0.0
28089,2022,0.0,0.0,0.0,0.0
28089,2023,0.0,0.0,0.0,0.0
28089,2024,160.0,3.3902506266083696,1.4793863158010805,3.3902506266083696
28089,2025,160.0,3.3902506266083696,1.4793863158010805,3.3902506266083696
29047,2008,0.0,0.0,0.0,0.0
29047,2009,0.0,0.0,0.0,0.0
29047,2010,0.0,0.0,0.0,0.0
29047,2011,0.0,0.0,0.0,0.0
29047,2012,0.0,0.0,0.0,0.0
29047,2013,0.0,0.0,0.0,0.0
29047,2014,0.0,0.0,0.0,0.0
29047,2015,0.0,0.0,0.0,0.0
29047,2016,0.0,0.0,0.0,0.0
29047,2017,0.0,0.0,0.0,0.0
29047,2018,0.0,0.0,0.0,0.0
29047,2019,0.0,0.0,0.0,0.0
29047,2020,0.0,0.0,0.0,0.0
29047,2021,0.0,0.0,0.0,0.0
29047,2022,60.1955,6.747617980047081,2.0473854387080053,6.747617980047081
29047,2023,60.1955,6.747617980047081,2.0473854387080053,6.747617980047081
29047,2024,60.1955,6.747617980047081,2.0473854387080053,6.747617980047081
29047,2025,60.1955,6.747617980047081,2.0473854387080053,6.747617980047081
30093,2008,0.0,0.0,0.0,0.0
30093,2009,0.0,0.0,0.0,0.0
30093,2010,0.0,0.0,0.0,0.0
30093,2011,0.0,0.0,0.0,0.0
30093,2012,0.0,0.0,0.0,0.0
30093,2013,0.0,0.0,0.0,0.0
30093,2014,0.0,0.0,0.0,0.0
30093,2015,0.0,0.0,0.0,0.0
30093,2016,0.0,0.0,0.0,0.0
30093,2017,0.0,0.0,0.0,0.0
30093,2018,75.0,2.4665163823716036,1.2431501653005648,2.4665163823716036
30093,2019,75.0,2.4665163823716036,1.2431501653005648,2.4665163823716036
30093,2020,75.0,2.4665163823716036,1.2431501653005648,2.4665163823716036
30093,2021,75.0,2.4665163823716036,1.2431501653005648,2.4665163823716036
30093,2022,75.0,2.4665163823716036,1.2431501653005648,2.4665163823716036
30093,2023,75.0,2.4665163823716036,1.2431501653005648,2.4665163823716036
30093,2024,75.0,2.4665163823716036,1.2431501653005648,2.4665163823716036
30093,2025,75.0,2.4665163823716036,1.2431501653005648,2.4665163823716036
31019,2008,0.0,0.0,0.0,0.0
31019,2009,0.0,0.0,0.0,0.0
31019,2010,0.0,0.0,0.0,0.0
31019,2011,0.0,0.0,0.0,0.0
31019,2012,0.0,0.0,0.0,0.0
31019,2013,0.0,0.0,0.0,0.0
31019,2014,0.0,0.0,0.0,0.0
31019,2015,0.0,0.0,0.0,0.0
31019,2016,0.0,0.0,0.0,0.0
31019,2017,0.0,0.0,0.0,0.0
31019,2018,0.0,0.0,0.0,0.0
31019,2019,100.0,6.463288521199587,2.009996137618979,6.463288521199587
31019,2020,100.0,6.463288521199587,2.009996137618979,6.463288521199587
31019,2021,100.0,6.463288521199587,2.009996137618979,6.463288521199587
31019,2022,100.0,6.463288521199587,2.009996137618979,6.463288521199587
31019,2023,100.0,6.463288521199587,2.009996137618979,6.463288521199587
31019,2024,100.0,6.463288521199587,2.009996137618979,6.463288521199587
31019,2025,100.0,6.463288521199587,2.009996137618979,6.463288521199587
31153,2008,0.0,0.0,0.0,0.0
31153,2009,0.0,0.0,0.0,0.0
31153,2010,0.0,0.0,0.0,0.0
31153,2011,0.0,0.0,0.0,0.0
31153,2012,0.0,0.0,0.0,0.0
31153,2013,0.0,0.0,0.0,0.0
31153,2014,0.0,0.0,0.0,0.0
31153,2015,0.0,0.0,0.0,0.0
31153,2016,0.0,0.0,0.0,0.0
31153,2017,80.0,2.0513346496064,1.1155790849396077,2.0513346496064
31153,2018,80.0,2.0513346496064,1.1155790849396077,2.0513346496064
31153,2019,80.0,2.0513346496064,1.1155790849396077,2.0513346496064
31153,2020,80.0,2.0513346496064,1.1155790849396077,2.0513346496064
31153,2021,160.0,4.1026692992128,1.6297637948109696,4.1026692992128
31153,2022,320.0,8.2053385984256,2.21978359819381,8.2053385984256
31153,2023,320.0,8.2053385984256,2.21978359819381,8.2053385984256
31153,2024,320.0,8.2053385984256,2.21978359819381,8.2053385984256
31153,2025,320.0,8.2053385984256,2.21978359819381,8.2053385984256
32003,2008,0.0,0.0,0.0,0.0
32003,2009,0.0,0.0,0.0,0.0
32003,2010,0.0,0.0,0.0,0.0
32003,2011,0.0,0.0,0.0,0.0
32003,2012,0.0,0.0,0.0,0.0
32003,2013,0.0,0.0,0.0,0.0
32003,2014,0.0,0.0,0.0,0.0
32003,2015,0.0,0.0,0.0,0.0
32003,2016,0.0,0.0,0.0,0.0
32003,2017,0.0,0.0,0.0,0.0
32003,2018,60.0,0.09645274827445391,0.09208019471831376,0.09645274827445391
32003,2019,60.0,0.09645274827445391,0.09208019471831376,0.09645274827445391
32003,2020,120.0,0.19290549654890782,0.17639192501491271,0.19290549654890782
32003,2021,120.0,0.19290549654890782,0.17639192501491271,0.19290549654890782
32003,2022,120.0,0.19290549654890782,0.17639192501491271,0.19290549654890782
32003,2023,120.0,0.19290549654890782,0.17639192501491271,0.19290549654890782
32003,2024,180.0,0.28935824482336175,0.25414460995399146,0.28935824482336175
32003,2025,180.0,0.28935824482336175,0.25414460995399146,0.28935824482336175
32029,2008,0.0,0.0,0.0,0.0
32029,2009,0.0,0.0,0.0,0.0
32029,2010,0.0,0.0,0.0,0.0
32029,2011,0.0,0.0,0.0,0.0
32029,2012,0.0,0.0,0.0,0.0
32029,2013,0.0,0.0,0.0,0.0
32029,2014,0.0,0.0,0.0,0.0
32029,2015,80.9856,6.8546059843225065,2.0611001093193018,6.8546059843225065
32029,2016,80.9856,6.8546059843225065,2.0611001093193018,6.8546059843225065
32029,2017,80.9856,6.8546059843225065,2.0611001093193018,6.8546059843225065
32029,2018,80.9856,6.8546059843225065,2.0611001093193018,6.8546059843225065
32029,2019,80.9856,6.8546059843225065,2.0611001093193018,6.8546059843225065
32029,2020,80.9856,6.8546059843225065,2.0611001093193018,6.8546059843225065
32029,2021,80.9856,6.8546059843225065,2.0611001093193018,6.8546059843225065
32029,2022,523.824,44.33636504677069,3.8141094708635466,44.33636504677069
32029,2023,523.824,44.33636504677069,3.8141094708635466,44.33636504677069
32029,2024,523.824,44.33636504677069,3.8141094708635466,44.33636504677069
32029,2025,523.824,44.33636504677069,3.8141094708635466,44.33636504677069
32031,2008,0.0,0.0,0.0,0.0
32031,2009,0.0,0.0,0.0,0.0
32031,2010,0.0,0.0,0.0,0.0
32031,2011,0.0,0.0,0.0,0.0
32031,2012,0.0,0.0,0.0,0.0
32031,2013,0.0,0.0,0.0,0.0
32031,2014,0.0,0.0,0.0,0.0
32031,2015,0.0,0.0,0.0,0.0
32031,2016,0.0,0.0,0.0,0.0
32031,2017,0.0,0.0,0.0,0.0
32031,2018,0.0,0.0,0.0,0.0
32031,2019,109.8666666,0.5760535782260137,0.45492398719412813,0.5760535782260137
32031,2020,109.8666666,0.5760535782260137,0.45492398719412813,0.5760535782260137
32031,2021,109.8666666,0.5760535782260137,0.45492398719412813,0.5760535782260137
32031,2022,109.8666666,0.5760535782260137,0.45492398719412813,0.5760535782260137
32031,2023,109.8666666,0.5760535782260137,0.45492398719412813,0.5760535782260137
32031,2024,109.8666666,0.5760535782260137,0.45492398719412813,0.5760535782260137
32031,2025,109.8666666,0.5760535782260137,0.45492398719412813,0.5760535782260137
35061,2008,0.0,0.0,0.0,0.0
35061,2009,0.0,0.0,0.0,0.0
35061,2010,0.0,0.0,0.0,0.0
35061,2011,0.0,0.0,0.0,0.0
35061,2012,0.0,0.0,0.0,0.0
35061,2013,0.0,0.0,0.0,0.0
35061,2014,0.0,0.0,0.0,0.0
35061,2015,0.0,0.0,0.0,0.0
35061,2016,0.0,0.0,0.0,0.0
35061,2017,0.0,0.0,0.0,0.0
35061,2018,0.0,0.0,0.0,0.0
35061,2019,0.0,0.0,0.0,0.0
35061,2020,0.0,0.0,0.0,0.0
35061,2021,0.0,0.0,0.0,0.0
35061,2022,184.0,14.773213113635315,2.7583131287077465,14.773213113635315
35061,2023,184.0,14.773213113635315,2.7583131287077465,14.773213113635315
35061,2024,184.0,14.773213113635315,2.7583131287077465,14.773213113635315
35061,2025,184.0,14.773213113635315,2.7583131287077465,14.773213113635315
36063,2008,0.0,0.0,0.0,0.0
36063,2009,0.0,0.0,0.0,0.0
36063,2010,0.0,0.0,0.0,0.0
36063,2011,0.0,0.0,0.0,0.0
36063,2012,0.0,0.0,0.0,0.0
36063,2013,0.0,0.0,0.0,0.0
36063,2014,0.0,0.0,0.0,0.0
36063,2015,0.0,0.0,0.0,0.0
36063,2016,0.0,0.0,0.0,0.0
36063,2017,0.0,0.0,0.0,0.0
36063,2018,0.0,0.0,0.0,0.0
36063,2019,0.0,0.0,0.0,0.0
36063,2020,0.0,0.0,0.0,0.0
36063,2021,263.0,3.048285773893692,1.3982935258109734,3.048285773893692
36063,2022,263.0,3.048285773893692,1.3982935258109734,3.048285773893692
36063,2023,263.0,3.048285773893692,1.3982935258109734,3.048285773893692
36063,2024,263.0,3.048285773893692,1.3982935258109734,3.048285773893692
36063,2025,263.0,3.048285773893692,1.3982935258109734,3.048285773893692
36089,2008,0.0,0.0,0.0,0.0
36089,2009,0.0,0.0,0.0,0.0
36089,2010,0.0,0.0,0.0,0.0
36089,2011,0.0,0.0,0.0,0.0
36089,2012,0.0,0.0,0.0,0.0
36089,2013,0.0,0.0,0.0,0.0
36089,2014,0.0,0.0,0.0,0.0
36089,2015,0.0,0.0,0.0,0.0
36089,2016,0.0,0.0,0.0,0.0
36089,2017,0.0,0.0,0.0,0.0
36089,2018,50.0,1.0244012374766949,0.7052739716383216,1.0244012374766949
36089,2019,50.0,1.0244012374766949,0.7052739716383216,1.0244012374766949
36089,2020,50.0,1.0244012374766949,0.7052739716383216,1.0244012374766949
36089,2021,50.0,1.0244012374766949,0.7052739716383216,1.0244012374766949
36089,2022,50.0,1.0244012374766949,0.7052739716383216,1.0244012374766949
36089,2023,50.0,1.0244012374766949,0.7052739716383216,1.0244012374766949
36089,2024,50.0,1.0244012374766949,0.7052739716383216,1.0244012374766949
36089,2025,50.0,1.0244012374766949,0.7052739716383216,1.0244012374766949
37027,2008,120.0,2.6024684543412846,1.281619292251198,2.6024684543412846
37027,2009,120.0,2.6024684543412846,1.281619292251198,2.6024684543412846
37027,2010,120.0,2.6024684543412846,1.281619292251198,2.6024684543412846
37027,2011,120.0,2.6024684543412846,1.281619292251198,2.6024684543412846
37027,2012,120.0,2.6024684543412846,1.281619292251198,2.6024684543412846
37027,2013,120.0,2.6024684543412846,1.281619292251198,2.6024684543412846
37027,2014,120.0,2.6024684543412846,1.281619292251198,2.6024684543412846
37027,2015,120.0,2.6024684543412846,1.281619292251198,2.6024684543412846
37027,2016,120.0,2.6024684543412846,1.281619292251198,2.6024684543412846
37027,2017,120.0,2.6024684543412846,1.281619292251198,2.6024684543412846
37027,2018,120.0,2.6024684543412846,1.281619292251198,2.6024684543412846
37027,2019,120.0,2.6024684543412846,1.281619292251198,2.6024684543412846
37027,2020,120.0,2.6024684543412846,1.281619292251198,2.6024684543412846
37027,2021,120.0,2.6024684543412846,1.281619292251198,2.6024684543412846
37027,2022,120.0,2.6024684543412846,1.281619292251198,2.6024684543412846
37027,2023,120.0,2.6024684543412846,1.281619292251198,2.6024684543412846
37027,2024,120.0,2.6024684543412846,1.281619292251198,2.6024684543412846
37027,2025,120.0,2.6024684543412846,1.281619292251198,2.6024684543412846
37039,2008,0.0,0.0,0.0,0.0
37039,2009,0.0,0.0,0.0,0.0
37039,2010,0.0,0.0,0.0,0.0
37039,2011,0.0,0.0,0.0,0.0
37039,2012,0.0,0.0,0.0,0.0
37039,2013,0.0,0.0,0.0,0.0
37039,2014,0.0,0.0,0.0,0.0
37039,2015,0.0,0.0,0.0,0.0
37039,2016,0.0,0.0,0.0,0.0
37039,2017,69.0,3.7349566501444453,1.5549725713996057,3.7349566501444453
37039,2018,69.0,3.7349566501444453,1.5549725713996057,3.7349566501444453
37039,2019,69.0,3.7349566501444453,1.5549725713996057,3.7349566501444453
37039,2020,69.0,3.7349566501444453,1.5549725713996057,3.7349566501444453
37039,2021,69.0,3.7349566501444453,1.5549725713996057,3.7349566501444453
37039,2022,69.0,3.7349566501444453,1.5549725713996057,3.7349566501444453
37039,2023,69.0,3.7349566501444453,1.5549725713996057,3.7349566501444453
37039,2024,69.0,3.7349566501444453,1.5549725713996057,3.7349566501444453
37039,2025,69.0,3.7349566501444453,1.5549725713996057,3.7349566501444453
37069,2008,0.0,0.0,0.0,0.0
37069,2009,0.0,0.0,0.0,0.0
37069,2010,0.0,0.0,0.0,0.0
37069,2011,0.0,0.0,0.0,0.0
37069,2012,0.0,0.0,0.0,0.0
37069,2013,0.0,0.0,0.0,0.0
37069,2014,0.0,0.0,0.0,0.0
37069,2015,0.0,0.0,0.0,0.0
37069,2016,0.0,0.0,0.0,0.0
37069,2017,500.0,10.686364914355732,2.458422770271072,10.686364914355732
37069,2018,500.0,10.686364914355732,2.458422770271072,10.686364914355732
37069,2019,500.0,10.686364914355732,2.458422770271072,10.686364914355732
37069,2020,500.0,10.686364914355732,2.458422770271072,10.686364914355732
37069,2021,500.0,10.686364914355732,2.458422770271072,10.686364914355732
37069,2022,500.0,10.686364914355732,2.458422770271072,10.686364914355732
37069,2023,500.0,10.686364914355732,2.458422770271072,10.686364914355732
37069,2024,500.0,10.686364914355732,2.458422770271072,10.686364914355732
37069,2025,500.0,10.686364914355732,2.458422770271072,10.686364914355732
37161,2008,0.0,0.0,0.0,0.0
37161,2009,0.0,0.0,0.0,0.0
37161,2010,80.0,1.9266511852216222,1.073858829177324,1.9266511852216222
37161,2011,80.0,1.9266511852216222,1.073858829177324,1.9266511852216222
37161,2012,80.0,1.9266511852216222,1.073858829177324,1.9266511852216222
37161,2013,80.0,1.9266511852216222,1.073858829177324,1.9266511852216222
37161,2014,80.0,1.9266511852216222,1.073858829177324,1.9266511852216222
37161,2015,80.0,1.9266511852216222,1.073858829177324,1.9266511852216222
37161,2016,80.0,1.9266511852216222,1.073858829177324,1.9266511852216222
37161,2017,80.0,1.9266511852216222,1.073858829177324,1.9266511852216222
37161,2018,80.0,1.9266511852216222,1.073858829177324,1.9266511852216222
37161,2019,80.0,1.9266511852216222,1.073858829177324,1.9266511852216222
37161,2020,80.0,1.9266511852216222,1.073858829177324,1.9266511852216222
37161,2021,80.0,1.9266511852216222,1.073858829177324,1.9266511852216222
37161,2022,80.0,1.9266511852216222,1.073858829177324,1.9266511852216222
37161,2023,80.0,1.9266511852216222,1.073858829177324,1.9266511852216222
37161,2024,80.0,1.9266511852216222,1.073858829177324,1.9266511852216222
37161,2025,80.0,1.9266511852216222,1.073858829177324,1.9266511852216222
38021,2008,0.0,0.0,0.0,0.0
38021,2009,0.0,0.0,0.0,0.0
38021,2010,0.0,0.0,0.0,0.0
38021,2011,0.0,0.0,0.0,0.0
38021,2012,0.0,0.0,0.0,0.0
38021,2013,0.0,0.0,0.0,0.0
38021,2014,0.0,0.0,0.0,0.0
38021,2015,0.0,0.0,0.0,0.0
38021,2016,0.0,0.0,0.0,0.0
38021,2017,0.0,0.0,0.0,0.0
38021,2018,0.0,0.0,0.0,0.0
38021,2019,0.0,0.0,0.0,0.0
38021,2020,0.0,0.0,0.0,0.0
38021,2021,0.0,0.0,0.0,0.0
38021,2022,360.0,94.33962264150944,4.557445491739787,50.0
38021,2023,440.0,115.30398322851154,4.756207308538386,50.0
38021,2024,440.0,115.30398322851154,4.756207308538386,50.0
38021,2025,440.0,115.30398322851154,4.756207308538386,50.0
38035,2008,0.0,0.0,0.0,0.0
38035,2009,0.0,0.0,0.0,0.0
38035,2010,0.0,0.0,0.0,0.0
38035,2011,0.0,0.0,0.0,0.0
38035,2012,0.0,0.0,0.0,0.0
38035,2013,0.0,0.0,0.0,0.0
38035,2014,0.0,0.0,0.0,0.0
38035,2015,0.0,0.0,0.0,0.0
38035,2016,0.0,0.0,0.0,0.0
38035,2017,0.0,0.0,0.0,0.0
38035,2018,0.0,0.0,0.0,0.0
38035,2019,0.0,0.0,0.0,0.0
38035,2020,0.0,0.0,0.0,0.0
38035,2021,100.0,4.467676361524371,1.698853729385895,4.467676361524371
38035,2022,100.0,4.467676361524371,1.698853729385895,4.467676361524371
38035,2023,100.0,4.467676361524371,1.698853729385895,4.467676361524371
38035,2024,100.0,4.467676361524371,1.698853729385895,4.467676361524371
38035,2025,100.0,4.467676361524371,1.698853729385895,4.467676361524371
38093,2008,0.0,0.0,0.0,0.0
38093,2009,0.0,0.0,0.0,0.0
38093,2010,0.0,0.0,0.0,0.0
38093,2011,0.0,0.0,0.0,0.0
38093,2012,0.0,0.0,0.0,0.0
38093,2013,0.0,0.0,0.0,0.0
38093,2014,0.0,0.0,0.0,0.0
38093,2015,0.0,0.0,0.0,0.0
38093,2016,0.0,0.0,0.0,0.0
38093,2017,0.0,0.0,0.0,0.0
38093,2018,0.0,0.0,0.0,0.0
38093,2019,0.0,0.0,0.0,0.0
38093,2020,0.0,0.0,0.0,0.0
38093,2021,100.0,10.4942806170637,2.4418495740091823,10.4942806170637
38093,2022,100.0,10.4942806170637,2.4418495740091823,10.4942806170637
38093,2023,100.0,10.4942806170637,2.4418495740091823,10.4942806170637
38093,2024,100.0,10.4942806170637,2.4418495740091823,10.4942806170637
38093,2025,100.0,10.4942806170637,2.4418495740091823,10.4942806170637
38105,2008,0.0,0.0,0.0,0.0
38105,2009,0.0,0.0,0.0,0.0
38105,2010,0.0,0.0,0.0,0.0
38105,2011,0.0,0.0,0.0,0.0
38105,2012,0.0,0.0,0.0,0.0
38105,2013,0.0,0.0,0.0,0.0
38105,2014,0.0,0.0,0.0,0.0
38105,2015,0.0,0.0,0.0,0.0
38105,2016,0.0,0.0,0.0,0.0
38105,2017,0.0,0.0,0.0,0.0
38105,2018,0.0,0.0,0.0,0.0
38105,2019,0.0,0.0,0.0,0.0
38105,2020,0.0,0.0,0.0,0.0
38105,2021,0.0,0.0,0.0,0.0
38105,2022,480.0,33.96306516663129,3.5542922233350396,33.96306516663129
38105,2023,480.0,33.96306516663129,3.5542922233350396,33.96306516663129
38105,2024,480.0,33.96306516663129,3.5542922233350396,33.96306516663129
38105,2025,480.0,33.96306516663129,3.5542922233350396,33.96306516663129
39045,2008,0.0,0.0,0.0,0.0
39045,2009,0.0,0.0,0.0,0.0
39045,2010,0.0,0.0,0.0,0.0
39045,2011,0.0,0.0,0.0,0.0
39045,2012,0.0,0.0,0.0,0.0
39045,2013,0.0,0.0,0.0,0.0
39045,2014,0.0,0.0,0.0,0.0
39045,2015,0.0,0.0,0.0,0.0
39045,2016,0.0,0.0,0.0,0.0
39045,2017,0.0,0.0,0.0,0.0
39045,2018,0.0,0.0,0.0,0.0
39045,2019,0.0,0.0,0.0,0.0
39045,2020,0.0,0.0,0.0,0.0
39045,2021,100.0,3.6928985560766643,1.5460504205711219,3.6928985560766643
39045,2022,100.0,3.6928985560766643,1.5460504205711219,3.6928985560766643
39045,2023,100.0,3.6928985560766643,1.5460504205711219,3.6928985560766643
39045,2024,100.0,3.6928985560766643,1.5460504205711219,3.6928985560766643
39045,2025,100.0,3.6928985560766643,1.5460504205711219,3.6928985560766643
39049,2008,0.0,0.0,0.0,0.0
39049,2009,0.0,0.0,0.0,0.0
39049,2010,0.0,0.0,0.0,0.0
39049,2011,0.0,0.0,0.0,0.0
39049,2012,0.0,0.0,0.0,0.0
39049,2013,0.0,0.0,0.0,0.0
39049,2014,0.0,0.0,0.0,0.0
39049,2015,0.0,0.0,0.0,0.0
39049,2016,0.0,0.0,0.0,0.0
39049,2017,0.0,0.0,0.0,0.0
39049,2018,0.0,0.0,0.0,0.0
39049,2019,50.0,0.11563928867960747,0.10942759368388824,0.11563928867960747
39049,2020,50.0,0.11563928867960747,0.10942759368388824,0.11563928867960747
39049,2021,150.0,0.3469178660388224,0.29781892009685507,0.3469178660388224
39049,2022,150.0,0.3469178660388224,0.29781892009685507,0.3469178660388224
39049,2023,250.0,0.5781964433980373,0.45628270352098677,0.5781964433980373
39049,2024,250.0,0.5781964433980373,0.45628270352098677,0.5781964433980373
39049,2025,250.0,0.5781964433980373,0.45628270352098677,0.5781964433980373
39063,2008,0.0,0.0,0.0,0.0
39063,2009,0.0,0.0,0.0,0.0
39063,2010,0.0,0.0,0.0,0.0
39063,2011,0.0,0.0,0.0,0.0
39063,2012,0.0,0.0,0.0,0.0
39063,2013,0.0,0.0,0.0,0.0
39063,2014,0.0,0.0,0.0,0.0
39063,2015,0.0,0.0,0.0,0.0
39063,2016,0.0,0.0,0.0,0.0
39063,2017,0.0,0.0,0.0,0.0
39063,2018,0.0,0.0,0.0,0.0
39063,2019,0.0,0.0,0.0,0.0
39063,2020,0.0,0.0,0.0,0.0
39063,2021,0.0,0.0,0.0,0.0
39063,2022,0.0,0.0,0.0,0.0
39063,2023,0.0,0.0,0.0,0.0
39063,2024,90.0,7.580862533692723,2.149534436849645,7.580862533692723
39063,2025,90.0,7.580862533692723,2.149534436849645,7.580862533692723
39089,2008,0.0,0.0,0.0,0.0
39089,2009,0.0,0.0,0.0,0.0
39089,2010,0.0,0.0,0.0,0.0
39089,2011,0.0,0.0,0.0,0.0
39089,2012,0.0,0.0,0.0,0.0
39089,2013,0.0,0.0,0.0,0.0
39089,2014,0.0,0.0,0.0,0.0
39089,2015,0.0,0.0,0.0,0.0
39089,2016,0.0,0.0,0.0,0.0
39089,2017,0.0,0.0,0.0,0.0
39089,2018,0.0,0.0,0.0,0.0
39089,2019,170.0,6.271442800752573,1.9839547313807424,6.271442800752573
39089,2020,170.0,6.271442800752573,1.9839547313807424,6.271442800752573
39089,2021,220.0,8.115984800973918,2.2100294440909023,8.115984800973918
39089,2022,220.0,8.115984800973918,2.2100294440909023,8.115984800973918
39089,2023,280.0,10.329435201239532,2.4274042239509033,10.329435201239532
39089,2024,280.0,10.329435201239532,2.4274042239509033,10.329435201239532
39089,2025,280.0,10.329435201239532,2.4274042239509033,10.329435201239532
39111,2008,0.0,0.0,0.0,0.0
39111,2009,0.0,0.0,0.0,0.0
39111,2010,0.0,0.0,0.0,0.0
39111,2011,0.0,0.0,0.0,0.0
39111,2012,0.0,0.0,0.0,0.0
39111,2013,0.0,0.0,0.0,0.0
39111,2014,0.0,0.0,0.0,0.0
39111,2015,0.0,0.0,0.0,0.0
39111,2016,0.0,0.0,0.0,0.0
39111,2017,0.0,0.0,0.0,0.0
39111,2018,0.0,0.0,0.0,0.0
39111,2019,0.0,0.0,0.0,0.0
39111,2020,0.0,0.0,0.0,0.0
39111,2021,100.0,37.41114852225963,3.6483477435577254,37.41114852225963
39111,2022,100.0,37.41114852225963,3.6483477435577254,37.41114852225963
39111,2023,100.0,37.41114852225963,3.6483477435577254,37.41114852225963
39111,2024,100.0,37.41114852225963,3.6483477435577254,37.41114852225963
39111,2025,100.0,37.41114852225963,3.6483477435577254,37.41114852225963
40101,2008,0.0,0.0,0.0,0.0
40101,2009,0.0,0.0,0.0,0.0
40101,2010,0.0,0.0,0.0,0.0
40101,2011,0.0,0.0,0.0,0.0
40101,2012,0.0,0.0,0.0,0.0
40101,2013,0.0,0.0,0.0,0.0
40101,2014,0.0,0.0,0.0,0.0
40101,2015,0.0,0.0,0.0,0.0
40101,2016,0.0,0.0,0.0,0.0
40101,2017,0.0,0.0,0.0,0.0
40101,2018,0.0,0.0,0.0,0.0
40101,2019,0.0,0.0,0.0,0.0
40101,2020,0.0,0.0,0.0,0.0
40101,2021,0.0,0.0,0.0,0.0
40101,2022,0.0,0.0,0.0,0.0
40101,2023,0.0,0.0,0.0,0.0
40101,2024,200.0,28.956131460836833,3.3997340268418,28.956131460836833
40101,2025,200.0,28.956131460836833,3.3997340268418,28.956131460836833
41049,2008,0.0,0.0,0.0,0.0
41049,2009,0.0,0.0,0.0,0.0
41049,2010,0.0,0.0,0.0,0.0
41049,2011,0.0,0.0,0.0,0.0
41049,2012,0.0,0.0,0.0,0.0
41049,2013,0.0,0.0,0.0,0.0
41049,2014,0.0,0.0,0.0,0.0
41049,2015,0.0,0.0,0.0,0.0
41049,2016,0.0,0.0,0.0,0.0
41049,2017,107.1,12.305571114653798,2.588182828322674,12.305571114653798
41049,2018,107.1,12.305571114653798,2.588182828322674,12.305571114653798
41049,2019,209.0,24.013672856794063,3.219422589636861,24.013672856794063
41049,2020,209.0,24.013672856794063,3.219422589636861,24.013672856794063
41049,2021,209.0,24.013672856794063,3.219422589636861,24.013672856794063
41049,2022,709.0,81.46265098309564,4.412345475477683,50.0
41049,2023,709.0,81.46265098309564,4.412345475477683,50.0
41049,2024,709.0,81.46265098309564,4.412345475477683,50.0
41049,2025,709.0,81.46265098309564,4.412345475477683,50.0
41059,2008,0.0,0.0,0.0,0.0
41059,2009,0.0,0.0,0.0,0.0
41059,2010,0.0,0.0,0.0,0.0
41059,2011,0.0,0.0,0.0,0.0
41059,2012,0.0,0.0,0.0,0.0
41059,2013,0.0,0.0,0.0,0.0
41059,2014,0.0,0.0,0.0,0.0
41059,2015,0.0,0.0,0.0,0.0
41059,2016,0.0,0.0,0.0,0.0
41059,2017,0.0,0.0,0.0,0.0
41059,2018,0.0,0.0,0.0,0.0
41059,2019,150.0,9.1400064357832,2.316488632855459,9.1400064357832
41059,2020,150.0,9.1400064357832,2.316488632855459,9.1400064357832
41059,2021,150.0,9.1400064357832,2.316488632855459,9.1400064357832
41059,2022,400.0,24.373350495421864,3.2336994301425004,24.373350495421864
41059,2023,400.0,24.373350495421864,3.2336994301425004,24.373350495421864
41059,2024,400.0,24.373350495421864,3.2336994301425004,24.373350495421864
41059,2025,400.0,24.373350495421864,3.2336994301425004,24.373350495421864
41065,2008,65.60010000000001,5.53821021528071,1.8776634606270837,5.53821021528071
41065,2009,65.60010000000001,5.53821021528071,1.8776634606270837,5.53821021528071
41065,2010,65.60010000000001,5.53821021528071,1.8776634606270837,5.53821021528071
41065,2011,65.60010000000001,5.53821021528071,1.8776634606270837,5.53821021528071
41065,2012,65.60010000000001,5.53821021528071,1.8776634606270837,5.53821021528071
41065,2013,65.60010000000001,5.53821021528071,1.8776634606270837,5.53821021528071
41065,2014,65.60010000000001,5.53821021528071,1.8776634606270837,5.53821021528071
41065,2015,65.60010000000001,5.53821021528071,1.8776634606270837,5.53821021528071
41065,2016,65.60010000000001,5.53821021528071,1.8776634606270837,5.53821021528071
41065,2017,65.60010000000001,5.53821021528071,1.8776634606270837,5.53821021528071
41065,2018,65.60010000000001,5.53821021528071,1.8776634606270837,5.53821021528071
41065,2019,65.60010000000001,5.53821021528071,1.8776634606270837,5.53821021528071
41065,2020,65.60010000000001,5.53821021528071,1.8776634606270837,5.53821021528071
41065,2021,65.60010000000001,5.53821021528071,1.8776634606270837,5.53821021528071
41065,2022,65.60010000000001,5.53821021528071,1.8776634606270837,5.53821021528071
41065,2023,65.60010000000001,5.53821021528071,1.8776634606270837,5.53821021528071
41065,2024,65.60010000000001,5.53821021528071,1.8776634606270837,5.53821021528071
41065,2025,65.60010000000001,5.53821021528071,1.8776634606270837,5.53821021528071
42007,2008,0.0,0.0,0.0,0.0
42007,2009,0.0,0.0,0.0,0.0
42007,2010,0.0,0.0,0.0,0.0
42007,2011,0.0,0.0,0.0,0.0
42007,2012,0.0,0.0,0.0,0.0
42007,2013,0.0,0.0,0.0,0.0
42007,2014,0.0,0.0,0.0,0.0
42007,2015,0.0,0.0,0.0,0.0
42007,2016,0.0,0.0,0.0,0.0
42007,2017,0.0,0.0,0.0,0.0
42007,2018,0.0,0.0,0.0,0.0
42007,2019,0.0,0.0,0.0,0.0
42007,2020,0.0,0.0,0.0,0.0
42007,2021,0.0,0.0,0.0,0.0
42007,2022,400.0,8.30357884248111,2.2303991479064647,8.30357884248111
42007,2023,400.0,8.30357884248111,2.2303991479064647,8.30357884248111
42007,2024,400.0,8.30357884248111,2.2303991479064647,8.30357884248111
42007,2025,400.0,8.30357884248111,2.2303991479064647,8.30357884248111
42079,2008,0.0,0.0,0.0,0.0
42079,2009,0.0,0.0,0.0,0.0
42079,2010,0.0,0.0,0.0,0.0
42079,2011,0.0,0.0,0.0,0.0
42079,2012,0.0,0.0,0.0,0.0
42079,2013,0.0,0.0,0.0,0.0
42079,2014,0.0,0.0,0.0,0.0
42079,2015,0.0,0.0,0.0,0.0
42079,2016,0.0,0.0,0.0,0.0
42079,2017,0.0,0.0,0.0,0.0
42079,2018,0.0,0.0,0.0,0.0
42079,2019,0.0,0.0,0.0,0.0
42079,2020,0.0,0.0,0.0,0.0
42079,2021,50.0,0.414159641014375,0.3465354613946742,0.414159641014375
42079,2022,50.0,0.414159641014375,0.3465354613946742,0.414159641014375
42079,2023,50.0,0.414159641014375,0.3465354613946742,0.414159641014375
42079,2024,50.0,0.414159641014375,0.3465354613946742,0.414159641014375
42079,2025,50.0,0.414159641014375,0.3465354613946742,0.414159641014375
42121,2008,0.0,0.0,0.0,0.0
42121,2009,0.0,0.0,0.0,0.0
42121,2010,0.0,0.0,0.0,0.0
42121,2011,0.0,0.0,0.0,0.0
42121,2012,0.0,0.0,0.0,0.0
42121,2013,0.0,0.0,0.0,0.0
42121,2014,0.0,0.0,0.0,0.0
42121,2015,0.0,0.0,0.0,0.0
42121,2016,0.0,0.0,0.0,0.0
42121,2017,0.0,0.0,0.0,0.0
42121,2018,0.0,0.0,0.0,0.0
42121,2019,0.0,0.0,0.0,0.0
42121,2020,0.0,0.0,0.0,0.0
42121,2021,90.0,8.10208628721896,2.208503649577966,8.10208628721896
42121,2022,90.0,8.10208628721896,2.208503649577966,8.10208628721896
42121,2023,90.0,8.10208628721896,2.208503649577966,8.10208628721896
42121,2024,90.0,8.10208628721896,2.208503649577966,8.10208628721896
42121,2025,90.0,8.10208628721896,2.208503649577966,8.10208628721896
45015,2008,50.8248,1.7664060056302786,1.0175490068635171,1.7664060056302786
45015,2009,50.8248,1.7664060056302786,1.0175490068635171,1.7664060056302786
45015,2010,50.8248,1.7664060056302786,1.0175490068635171,1.7664060056302786
45015,2011,50.8248,1.7664060056302786,1.0175490068635171,1.7664060056302786
45015,2012,50.8248,1.7664060056302786,1.0175490068635171,1.7664060056302786
45015,2013,50.8248,1.7664060056302786,1.0175490068635171,1.7664060056302786
45015,2014,50.8248,1.7664060056302786,1.0175490068635171,1.7664060056302786
45015,2015,50.8248,1.7664060056302786,1.0175490068635171,1.7664060056302786
45015,2016,50.8248,1.7664060056302786,1.0175490068635171,1.7664060056302786
45015,2017,50.8248,1.7664060056302786,1.0175490068635171,1.7664060056302786
45015,2018,50.8248,1.7664060056302786,1.0175490068635171,1.7664060056302786
45015,2019,50.8248,1.7664060056302786,1.0175490068635171,1.7664060056302786
45015,2020,50.8248,1.7664060056302786,1.0175490068635171,1.7664060056302786
45015,2021,50.8248,1.7664060056302786,1.0175490068635171,1.7664060056302786
45015,2022,50.8248,1.7664060056302786,1.0175490068635171,1.7664060056302786
45015,2023,50.8248,1.7664060056302786,1.0175490068635171,1.7664060056302786
45015,2024,50.8248,1.7664060056302786,1.0175490068635171,1.7664060056302786
45015,2025,50.8248,1.7664060056302786,1.0175490068635171,1.7664060056302786
45091,2008,0.0,0.0,0.0,0.0
45091,2009,0.0,0.0,0.0,0.0
45091,2010,0.0,0.0,0.0,0.0
45091,2011,0.0,0.0,0.0,0.0
45091,2012,0.0,0.0,0.0,0.0
45091,2013,0.0,0.0,0.0,0.0
45091,2014,0.0,0.0,0.0,0.0
45091,2015,0.0,0.0,0.0,0.0
45091,2016,0.0,0.0,0.0,0.0
45091,2017,0.0,0.0,0.0,0.0
45091,2018,0.0,0.0,0.0,0.0
45091,2019,0.0,0.0,0.0,0.0
45091,2020,0.0,0.0,0.0,0.0
45091,2021,0.0,0.0,0.0,0.0
45091,2022,0.0,0.0,0.0,0.0
45091,2023,72.0,0.711068973690448,0.5371183060148224,0.711068973690448
45091,2024,72.0,0.711068973690448,0.5371183060148224,0.711068973690448
45091,2025,72.0,0.711068973690448,0.5371183060148224,0.711068973690448
48045,2008,0.0,0.0,0.0,0.0
48045,2009,0.0,0.0,0.0,0.0
48045,2010,0.0,0.0,0.0,0.0
48045,2011,0.0,0.0,0.0,0.0
48045,2012,0.0,0.0,0.0,0.0
48045,2013,0.0,0.0,0.0,0.0
48045,2014,0.0,0.0,0.0,0.0
48045,2015,0.0,0.0,0.0,0.0
48045,2016,0.0,0.0,0.0,0.0
48045,2017,0.0,0.0,0.0,0.0
48045,2018,0.0,0.0,0.0,0.0
48045,2019,0.0,0.0,0.0,0.0
48045,2020,0.0,0.0,0.0,0.0
48045,2021,50.0,45.08566275924256,3.830501898577817,45.08566275924256
48045,2022,50.0,45.08566275924256,3.830501898577817,45.08566275924256
48045,2023,50.0,45.08566275924256,3.830501898577817,45.08566275924256
48045,2024,50.0,45.08566275924256,3.830501898577817,45.08566275924256
48045,2025,50.0,45.08566275924256,3.830501898577817,45.08566275924256
48103,2008,0.0,0.0,0.0,0.0
48103,2009,0.0,0.0,0.0,0.0
48103,2010,0.0,0.0,0.0,0.0
48103,2011,0.0,0.0,0.0,0.0
48103,2012,0.0,0.0,0.0,0.0
48103,2013,0.0,0.0,0.0,0.0
48103,2014,0.0,0.0,0.0,0.0
48103,2015,0.0,0.0,0.0,0.0
48103,2016,0.0,0.0,0.0,0.0
48103,2017,0.0,0.0,0.0,0.0
48103,2018,0.0,0.0,0.0,0.0
48103,2019,0.0,0.0,0.0,0.0
48103,2020,0.0,0.0,0.0,0.0
48103,2021,0.0,0.0,0.0,0.0
48103,2022,280.0,31.055900621118013,3.4674812731642644,31.055900621118013
48103,2023,280.0,31.055900621118013,3.4674812731642644,31.055900621118013
48103,2024,280.0,31.055900621118013,3.4674812731642644,31.055900621118013
48103,2025,280.0,31.055900621118013,3.4674812731642644,31.055900621118013
48109,2008,0.0,0.0,0.0,0.0
48109,2009,0.0,0.0,0.0,0.0
48109,2010,0.0,0.0,0.0,0.0
48109,2011,0.0,0.0,0.0,0.0
48109,2012,0.0,0.0,0.0,0.0
48109,2013,0.0,0.0,0.0,0.0
48109,2014,0.0,0.0,0.0,0.0
48109,2015,0.0,0.0,0.0,0.0
48109,2016,0.0,0.0,0.0,0.0
48109,2017,0.0,0.0,0.0,0.0
48109,2018,0.0,0.0,0.0,0.0
48109,2019,0.0,0.0,0.0,0.0
48109,2020,0.0,0.0,0.0,0.0
48109,2021,0.0,0.0,0.0,0.0
48109,2022,0.0,0.0,0.0,0.0
48109,2023,63.0,19.277845777233782,3.0095289490785344,19.277845777233782
48109,2024,63.0,19.277845777233782,3.0095289490785344,19.277845777233782
48109,2025,63.0,19.277845777233782,3.0095289490785344,19.277845777233782
48125,2008,0.0,0.0,0.0,0.0
48125,2009,0.0,0.0,0.0,0.0
48125,2010,0.0,0.0,0.0,0.0
48125,2011,0.0,0.0,0.0,0.0
48125,2012,0.0,0.0,0.0,0.0
48125,2013,0.0,0.0,0.0,0.0
48125,2014,0.0,0.0,0.0,0.0
48125,2015,0.0,0.0,0.0,0.0
48125,2016,0.0,0.0,0.0,0.0
48125,2017,0.0,0.0,0.0,0.0
48125,2018,0.0,0.0,0.0,0.0
48125,2019,0.0,0.0,0.0,0.0
48125,2020,0.0,0.0,0.0,0.0
48125,2021,180.0,87.28694710992917,4.4805922723332055,50.0
48125,2022,180.0,87.28694710992917,4.4805922723332055,50.0
48125,2023,180.0,87.28694710992917,4.4805922723332055,50.0
48125,2024,180.0,87.28694710992917,4.4805922723332055,50.0
48125,2025,180.0,87.28694710992917,4.4805922723332055,50.0
48135,2008,0.0,0.0,0.0,0.0
48135,2009,0.0,0.0,0.0,0.0
48135,2010,0.0,0.0,0.0,0.0
48135,2011,0.0,0.0,0.0,0.0
48135,2012,0.0,0.0,0.0,0.0
48135,2013,0.0,0.0,0.0,0.0
48135,2014,0.0,0.0,0.0,0.0
48135,2015,0.0,0.0,0.0,0.0
48135,2016,0.0,0.0,0.0,0.0
48135,2017,0.0,0.0,0.0,0.0
48135,2018,0.0,0.0,0.0,0.0
48135,2019,0.0,0.0,0.0,0.0
48135,2020,0.0,0.0,0.0,0.0
48135,2021,207.0,4.4621685708126755,1.6978458850455582,4.4621685708126755
48135,2022,207.0,4.4621685708126755,1.6978458850455582,4.4621685708126755
48135,2023,207.0,4.4621685708126755,1.6978458850455582,4.4621685708126755
48135,2024,207.0,4.4621685708126755,1.6978458850455582,4.4621685708126755
48135,2025,207.0,4.4621685708126755,1.6978458850455582,4.4621685708126755
48173,2008,0.0,0.0,0.0,0.0
48173,2009,0.0,0.0,0.0,0.0
48173,2010,0.0,0.0,0.0,0.0
48173,2011,0.0,0.0,0.0,0.0
48173,2012,0.0,0.0,0.0,0.0
48173,2013,0.0,0.0,0.0,0.0
48173,2014,0.0,0.0,0.0,0.0
48173,2015,0.0,0.0,0.0,0.0
48173,2016,0.0,0.0,0.0,0.0
48173,2017,0.0,0.0,0.0,0.0
48173,2018,0.0,0.0,0.0,0.0
48173,2019,0.0,0.0,0.0,0.0
48173,2020,0.0,0.0,0.0,0.0
48173,2021,0.0,0.0,0.0,0.0
48173,2022,200.0,641.025641025641,6.464628242184684,50.0
48173,2023,200.0,641.025641025641,6.464628242184684,50.0
48173,2024,200.0,641.025641025641,6.464628242184684,50.0
48173,2025,200.0,641.025641025641,6.464628242184684,50.0
48221,2008,0.0,0.0,0.0,0.0
48221,2009,0.0,0.0,0.0,0.0
48221,2010,0.0,0.0,0.0,0.0
48221,2011,0.0,0.0,0.0,0.0
48221,2012,0.0,0.0,0.0,0.0
48221,2013,0.0,0.0,0.0,0.0
48221,2014,0.0,0.0,0.0,0.0
48221,2015,0.0,0.0,0.0,0.0
48221,2016,0.0,0.0,0.0,0.0
48221,2017,0.0,0.0,0.0,0.0
48221,2018,0.0,0.0,0.0,0.0
48221,2019,0.0,0.0,0.0,0.0
48221,2020,0.0,0.0,0.0,0.0
48221,2021,0.0,0.0,0.0,0.0
48221,2022,365.4,16.050955414012737,2.8362062381720445,16.050955414012737
48221,2023,365.4,16.050955414012737,2.8362062381720445,16.050955414012737
48221,2024,365.4,16.050955414012737,2.8362062381720445,16.050955414012737
48221,2025,365.4,16.050955414012737,2.8362062381720445,16.050955414012737
48275,2008,0.0,0.0,0.0,0.0
48275,2009,0.0,0.0,0.0,0.0
48275,2010,0.0,0.0,0.0,0.0
48275,2011,0.0,0.0,0.0,0.0
48275,2012,0.0,0.0,0.0,0.0
48275,2013,0.0,0.0,0.0,0.0
48275,2014,0.0,0.0,0.0,0.0
48275,2015,0.0,0.0,0.0,0.0
48275,2016,0.0,0.0,0.0,0.0
48275,2017,0.0,0.0,0.0,0.0
48275,2018,0.0,0.0,0.0,0.0
48275,2019,0.0,0.0,0.0,0.0
48275,2020,0.0,0.0,0.0,0.0
48275,2021,0.0,0.0,0.0,0.0
48275,2022,0.0,0.0,0.0,0.0
48275,2023,166.0,97.81968179139658,4.593296793329405,50.0
48275,2024,166.0,97.81968179139658,4.593296793329405,50.0
48275,2025,166.0,97.81968179139658,4.593296793329405,50.0
48331,2008,0.0,0.0,0.0,0.0
48331,2009,0.0,0.0,0.0,0.0
48331,2010,0.0,0.0,0.0,0.0
48331,2011,0.0,0.0,0.0,0.0
48331,2012,0.0,0.0,0.0,0.0
48331,2013,0.0,0.0,0.0,0.0
48331,2014,0.0,0.0,0.0,0.0
48331,2015,0.0,0.0,0.0,0.0
48331,2016,0.0,0.0,0.0,0.0
48331,2017,0.0,0.0,0.0,0.0
48331,2018,742.0,55.32771605398553,4.031186706265083,50.0
48331,2019,1192.0,88.8822608306614,4.498500600879963,50.0
48331,2020,1192.0,88.8822608306614,4.498500600879963,50.0
48331,2021,1192.0,88.8822608306614,4.498500600879963,50.0
48331,2022,1192.0,88.8822608306614,4.498500600879963,50.0
48331,2023,1192.0,88.8822608306614,4.498500600879963,50.0
48331,2024,1192.0,88.8822608306614,4.498500600879963,50.0
48331,2025,1192.0,88.8822608306614,4.498500600879963,50.0
48349,2008,0.0,0.0,0.0,0.0
48349,2009,0.0,0.0,0.0,0.0
48349,2010,0.0,0.0,0.0,0.0
48349,2011,0.0,0.0,0.0,0.0
48349,2012,0.0,0.0,0.0,0.0
48349,2013,0.0,0.0,0.0,0.0
48349,2014,0.0,0.0,0.0,0.0
48349,2015,0.0,0.0,0.0,0.0
48349,2016,0.0,0.0,0.0,0.0
48349,2017,0.0,0.0,0.0,0.0
48349,2018,0.0,0.0,0.0,0.0
48349,2019,0.0,0.0,0.0,0.0
48349,2020,0.0,0.0,0.0,0.0
48349,2021,0.0,0.0,0.0,0.0
48349,2022,400.0,19.46187904442174,3.0185635962097654,19.46187904442174
48349,2023,400.0,19.46187904442174,3.0185635962097654,19.46187904442174
48349,2024,400.0,19.46187904442174,3.0185635962097654,19.46187904442174
48349,2025,400.0,19.46187904442174,3.0185635962097654,19.46187904442174
48355,2008,0.0,0.0,0.0,0.0
48355,2009,0.0,0.0,0.0,0.0
48355,2010,0.0,0.0,0.0,0.0
48355,2011,0.0,0.0,0.0,0.0
48355,2012,0.0,0.0,0.0,0.0
48355,2013,0.0,0.0,0.0,0.0
48355,2014,0.0,0.0,0.0,0.0
48355,2015,0.0,0.0,0.0,0.0
48355,2016,0.0,0.0,0.0,0.0
48355,2017,0.0,0.0,0.0,0.0
48355,2018,0.0,0.0,0.0,0.0
48355,2019,0.0,0.0,0.0,0.0
48355,2020,0.0,0.0,0.0,0.0
48355,2021,0.0,0.0,0.0,0.0
48355,2022,0.0,0.0,0.0,0.0
48355,2023,400.0,4.989167955088109,1.7899524968176557,4.989167955088109
48355,2024,400.0,4.989167955088109,1.7899524968176557,4.989167955088109
48355,2025,400.0,4.989167955088109,1.7899524968176557,4.989167955088109
48371,2008,0.0,0.0,0.0,0.0
48371,2009,0.0,0.0,0.0,0.0
48371,2010,0.0,0.0,0.0,0.0
48371,2011,0.0,0.0,0.0,0.0
48371,2012,0.0,0.0,0.0,0.0
48371,2013,0.0,0.0,0.0,0.0
48371,2014,0.0,0.0,0.0,0.0
48371,2015,0.0,0.0,0.0,0.0
48371,2016,0.0,0.0,0.0,0.0
48371,2017,0.0,0.0,0.0,0.0
48371,2018,0.0,0.0,0.0,0.0
48371,2019,0.0,0.0,0.0,0.0
48371,2020,0.0,0.0,0.0,0.0
48371,2021,325.0,16.359609382865198,2.8541462079920255,16.359609382865198
48371,2022,425.0,21.39333534682372,3.108763385430757,21.39333534682372
48371,2023,425.0,21.39333534682372,3.108763385430757,21.39333534682372
48371,2024,425.0,21.39333534682372,3.108763385430757,21.39333534682372
48371,2025,425.0,21.39333534682372,3.108763385430757,21.39333534682372
48389,2008,0.0,0.0,0.0,0.0
48389,2009,0.0,0.0,0.0,0.0
48389,2010,0.0,0.0,0.0,0.0
48389,2011,0.0,0.0,0.0,0.0
48389,2012,0.0,0.0,0.0,0.0
48389,2013,0.0,0.0,0.0,0.0
48389,2014,0.0,0.0,0.0,0.0
48389,2015,0.0,0.0,0.0,0.0
48389,2016,0.0,0.0,0.0,0.0
48389,2017,0.0,0.0,0.0,0.0
48389,2018,0.0,0.0,0.0,0.0
48389,2019,0.0,0.0,0.0,0.0
48389,2020,0.0,0.0,0.0,0.0
48389,2021,50.0,3.4164673727365904,1.4853401395920618,3.4164673727365904
48389,2022,50.0,3.4164673727365904,1.4853401395920618,3.4164673727365904
48389,2023,50.0,3.4164673727365904,1.4853401395920618,3.4164673727365904
48389,2024,50.0,3.4164673727365904,1.4853401395920618,3.4164673727365904
48389,2025,50.0,3.4164673727365904,1.4853401395920618,3.4164673727365904
48441,2008,0.0,0.0,0.0,0.0
48441,2009,0.0,0.0,0.0,0.0
48441,2010,0.0,0.0,0.0,0.0
48441,2011,0.0,0.0,0.0,0.0
48441,2012,0.0,0.0,0.0,0.0
48441,2013,0.0,0.0,0.0,0.0
48441,2014,0.0,0.0,0.0,0.0
48441,2015,0.0,0.0,0.0,0.0
48441,2016,0.0,0.0,0.0,0.0
48441,2017,0.0,0.0,0.0,0.0
48441,2018,0.0,0.0,0.0,0.0
48441,2019,0.0,0.0,0.0,0.0
48441,2020,0.0,0.0,0.0,0.0
48441,2021,200.0,5.087505087505088,1.8062383241381474,5.087505087505088
48441,2022,200.0,5.087505087505088,1.8062383241381474,5.087505087505088
48441,2023,200.0,5.087505087505088,1.8062383241381474,5.087505087505088
48441,2024,200.0,5.087505087505088,1.8062383241381474,5.087505087505088
48441,2025,200.0,5.087505087505088,1.8062383241381474,5.087505087505088
48475,2008,0.0,0.0,0.0,0.0
48475,2009,0.0,0.0,0.0,0.0
48475,2010,0.0,0.0,0.0,0.0
48475,2011,0.0,0.0,0.0,0.0
48475,2012,0.0,0.0,0.0,0.0
48475,2013,0.0,0.0,0.0,0.0
48475,2014,0.0,0.0,0.0,0.0
48475,2015,0.0,0.0,0.0,0.0
48475,2016,0.0,0.0,0.0,0.0
48475,2017,0.0,0.0,0.0,0.0
48475,2018,0.0,0.0,0.0,0.0
48475,2019,0.0,0.0,0.0,0.0
48475,2020,0.0,0.0,0.0,0.0
48475,2021,370.0,20.475926950747095,3.0669326311179157,20.475926950747095
48475,2022,370.0,20.475926950747095,3.0669326311179157,20.475926950747095
48475,2023,370.0,20.475926950747095,3.0669326311179157,20.475926950747095
48475,2024,370.0,20.475926950747095,3.0669326311179157,20.475926950747095
48475,2025,370.0,20.475926950747095,3.0669326311179157,20.475926950747095
49035,2008,0.0,0.0,0.0,0.0
49035,2009,0.0,0.0,0.0,0.0
49035,2010,0.0,0.0,0.0,0.0
49035,2011,0.0,0.0,0.0,0.0
49035,2012,0.0,0.0,0.0,0.0
49035,2013,0.0,0.0,0.0,0.0
49035,2014,0.0,0.0,0.0,0.0
49035,2015,0.0,0.0,0.0,0.0
49035,2016,0.0,0.0,0.0,0.0
49035,2017,0.0,0.0,0.0,0.0
49035,2018,0.0,0.0,0.0,0.0
49035,2019,122.0,0.424259768942844,0.3536522183633365,0.424259768942844
49035,2020,122.0,0.424259768942844,0.3536522183633365,0.424259768942844
49035,2021,122.0,0.424259768942844,0.3536522183633365,0.424259768942844
49035,2022,122.0,0.424259768942844,0.3536522183633365,0.424259768942844
49035,2023,122.0,0.424259768942844,0.3536522183633365,0.424259768942844
49035,2024,122.0,0.424259768942844,0.3536522183633365,0.424259768942844
49035,2025,122.0,0.424259768942844,0.3536522183633365,0.424259768942844
51107,2008,0.0,0.0,0.0,0.0
51107,2009,0.0,0.0,0.0,0.0
51107,2010,0.0,0.0,0.0,0.0
51107,2011,0.0,0.0,0.0,0.0
51107,2012,0.0,0.0,0.0,0.0
51107,2013,0.0,0.0,0.0,0.0
51107,2014,0.0,0.0,0.0,0.0
51107,2015,225.0,0.1983208831889998,0.18092131290071978,0.1983208831889998
51107,2016,282.45,0.24895881536325773,0.22231025651111866,0.24895881536325773
51107,2017,282.45,0.24895881536325773,0.22231025651111866,0.24895881536325773
51107,2018,551.6665272,0.48625330177827725,0.39625839057011086,0.48625330177827725
51107,2019,551.6665272,0.48625330177827725,0.39625839057011086,0.48625330177827725
51107,2020,896.2261272000001,0.789957142592715,0.5821916768803989,0.789957142592715
51107,2021,1019.8879772,0.8989559306317622,0.6413042249425257,0.8989559306317622
51107,2022,1211.8879772,1.068189750953042,0.7266737082168796,1.068189750953042
51107,2023,1211.8879772,1.068189750953042,0.7266737082168796,1.068189750953042
51107,2024,1211.8879772,1.068189750953042,0.7266737082168796,1.068189750953042
51107,2025,1211.8879772,1.068189750953042,0.7266737082168796,1.068189750953042
51153,2008,0.0,0.0,0.0,0.0
51153,2009,0.0,0.0,0.0,0.0
51153,2010,0.0,0.0,0.0,0.0
51153,2011,0.0,0.0,0.0,0.0
51153,2012,0.0,0.0,0.0,0.0
51153,2013,0.0,0.0,0.0,0.0
51153,2014,0.0,0.0,0.0,0.0
51153,2015,0.0,0.0,0.0,0.0
51153,2016,0.0,0.0,0.0,0.0
51153,2017,0.0,0.0,0.0,0.0
51153,2018,0.0,0.0,0.0,0.0
51153,2019,0.0,0.0,0.0,0.0
51153,2020,0.0,0.0,0.0,0.0
51153,2021,257.6919797,0.3301026330891753,0.28525610699260784,0.3301026330891753
51153,2022,420.7689074,0.5390036756925709,0.4311352432181336,0.5390036756925709
51153,2023,420.7689074,0.5390036756925709,0.4311352432181336,0.5390036756925709
51153,2024,420.7689074,0.5390036756925709,0.4311352432181336,0.5390036756925709
51153,2025,420.7689074,0.5390036756925709,0.4311352432181336,0.5390036756925709
53025,2008,71.1,2.69114307342922,1.3059361860788368,2.69114307342922
53025,2009,71.1,2.69114307342922,1.3059361860788368,2.69114307342922
53025,2010,71.1,2.69114307342922,1.3059361860788368,2.69114307342922
53025,2011,71.1,2.69114307342922,1.3059361860788368,2.69114307342922
53025,2012,71.1,2.69114307342922,1.3059361860788368,2.69114307342922
53025,2013,71.1,2.69114307342922,1.3059361860788368,2.69114307342922
53025,2014,71.1,2.69114307342922,1.3059361860788368,2.69114307342922
53025,2015,71.1,2.69114307342922,1.3059361860788368,2.69114307342922
53025,2016,71.1,2.69114307342922,1.3059361860788368,2.69114307342922
53025,2017,71.1,2.69114307342922,1.3059361860788368,2.69114307342922
53025,2018,71.1,2.69114307342922,1.3059361860788368,2.69114307342922
53025,2019,123.89999999999999,4.689629068887206,1.7386450560110305,4.689629068887206
53025,2020,123.89999999999999,4.689629068887206,1.7386450560110305,4.689629068887206
53025,2021,123.89999999999999,4.689629068887206,1.7386450560110305,4.689629068887206
53025,2022,187.5,7.096896290688871,2.091480814259454,7.096896290688871
53025,2023,187.5,7.096896290688871,2.091480814259454,7.096896290688871
53025,2024,187.5,7.096896290688871,2.091480814259454,7.096896290688871
53025,2025,187.5,7.096896290688871,2.091480814259454,7.096896290688871
53051,2008,0.0,0.0,0.0,0.0
53051,2009,0.0,0.0,0.0,0.0
53051,2010,0.0,0.0,0.0,0.0
53051,2011,0.0,0.0,0.0,0.0
53051,2012,0.0,0.0,0.0,0.0
53051,2013,0.0,0.0,0.0,0.0
53051,2014,0.0,0.0,0.0,0.0
53051,2015,0.0,0.0,0.0,0.0
53051,2016,0.0,0.0,0.0,0.0
53051,2017,0.0,0.0,0.0,0.0
53051,2018,0.0,0.0,0.0,0.0
53051,2019,0.0,0.0,0.0,0.0
53051,2020,0.0,0.0,0.0,0.0
53051,2021,100.0,25.57544757033248,3.279987765867281,25.57544757033248
53051,2022,100.0,25.57544757033248,3.279987765867281,25.57544757033248
53051,2023,100.0,25.57544757033248,3.279987765867281,25.57544757033248
53051,2024,100.0,25.57544757033248,3.279987765867281,25.57544757033248
53051,2025,100.0,25.57544757033248,3.279987765867281,25.57544757033248
55101,2008,0.0,0.0,0.0,0.0
55101,2009,0.0,0.0,0.0,0.0
55101,2010,0.0,0.0,0.0,0.0
55101,2011,0.0,0.0,0.0,0.0
55101,2012,0.0,0.0,0.0,0.0
55101,2013,0.0,0.0,0.0,0.0
55101,2014,0.0,0.0,0.0,0.0
55101,2015,0.0,0.0,0.0,0.0
55101,2016,0.0,0.0,0.0,0.0
55101,2017,0.0,0.0,0.0,0.0
55101,2018,0.0,0.0,0.0,0.0
55101,2019,0.0,0.0,0.0,0.0
55101,2020,0.0,0.0,0.0,0.0
55101,2021,0.0,0.0,0.0,0.0
55101,2022,0.0,0.0,0.0,0.0
55101,2023,90.0,1.733441297193445,1.0055613637952454,1.733441297193445
55101,2024,90.0,1.733441297193445,1.0055613637952454,1.733441297193445
55101,2025,90.0,1.733441297193445,1.0055613637952454,1.733441297193445
56021,2008,0.0,0.0,0.0,0.0
56021,2009,0.0,0.0,0.0,0.0
56021,2010,0.0,0.0,0.0,0.0
56021,2011,0.0,0.0,0.0,0.0
56021,2012,65.0,4.903508384810742,1.7755468156758238,4.903508384810742
56021,2013,65.0,4.903508384810742,1.7755468156758238,4.903508384810742
56021,2014,130.0,9.807016769621484,2.380195624056799,9.807016769621484
56021,2015,195.0,14.710525154432224,2.7543308797439767,14.710525154432224
56021,2016,195.0,14.710525154432224,2.7543308797439767,14.710525154432224
56021,2017,195.0,14.710525154432224,2.7543308797439767,14.710525154432224
56021,2018,195.0,14.710525154432224,2.7543308797439767,14.710525154432224
56021,2019,195.0,14.710525154432224,2.7543308797439767,14.710525154432224
56021,2020,195.0,14.710525154432224,2.7543308797439767,14.710525154432224
56021,2021,195.0,14.710525154432224,2.7543308797439767,14.710525154432224
56021,2022,195.0,14.710525154432224,2.7543308797439767,14.710525154432224
56021,2023,195.0,14.710525154432224,2.7543308797439767,14.710525154432224
56021,2024,195.0,14.710525154432224,2.7543308797439767,14.710525154432224
56021,2025,195.0,14.710525154432224,2.7543308797439767,14.710525154432224
