county_fips,prop_tax_2017_M,mw_year,mw_latest,n_dc_latest,mw_peak,dc_tax_M_low,dc_share_low,dc_tax_M_mid,dc_share_mid,dc_tax_M_high,dc_share_high,state,name
21127,6.5440000000000005,2025.0,250.0,1,250.0,7.5,114.60880195599022,12.5,191.01466992665036,25.0,382.0293398533007,KY,Lawrence County
41049,27.057,2025.0,1004.2,23,1004.2,30.126,111.34272092249695,50.21,185.57120153749491,100.42,371.14240307498983,OR,Morrow County
48125,4.969,2025.0,180.0,1,180.0,5.4,108.67377742000401,9.0,181.12296236667336,18.0,362.2459247333467,TX,Dickens County
32029,17.119,2025.0,602.7096,6,602.7096,18.081288,105.62116946083299,30.13548,176.03528243472167,60.27096,352.07056486944333,NV,Storey County
48331,38.017,2025.0,1192.0,2,1192.0,35.76,94.06318226056763,59.6,156.77197043427938,119.2,313.54394086855876,TX,Milam County
38021,15.142,2025.0,440.0,3,440.0,13.2,87.17474574032492,22.0,145.29124290054153,44.0,290.58248580108307,ND,Dickey County
37069,19.05,2025.0,500.0,1,500.0,15.0,78.74015748031496,25.0,131.23359580052494,50.0,262.4671916010499,NC,Franklin County
13075,11.024,2025.0,270.0,1,270.0,8.1,73.47605224963716,13.5,122.4600870827286,27.0,244.9201741654572,GA,Cook County
48275,7.229,2025.0,166.0,1,166.0,4.98,68.88919629270993,8.3,114.81532715451654,16.6,229.63065430903308,TX,Knox County
41013,24.869,2025.0,404.04,14,404.04,12.1212,48.7401986408782,20.202,81.23366440146368,40.404,162.46732880292737,OR,Crook County
48103,18.968,2025.0,280.0,1,280.0,8.4,44.28511176718684,14.0,73.80851961197807,28.0,147.61703922395614,TX,Crane County
40097,29.699,2025.0,329.775,12,329.775,9.89325,33.311727667598234,16.48875,55.519546112663726,32.9775,111.03909222532745,OK,Mayes County
53051,9.476,2025.0,100.0,1,100.0,3.0,31.658927817644575,5.0,52.76487969607429,10.0,105.52975939214858,WA,Pend Oreille County
13303,21.244,2025.0,222.0,1,222.0,6.66,31.35002824326869,11.1,52.25004707211448,22.2,104.50009414422895,GA,Washington County
48475,41.267,2025.0,423.0,3,423.0,12.69,30.75096323939225,21.15,51.25160539898708,42.3,102.50321079797416,TX,Ward County
35061,42.318,2025.0,414.0,7,414.0,12.42,29.349213100808168,20.7,48.91535516801361,41.4,97.83071033602722,NM,Valencia County
51117,32.485,2025.0,316.082,22,316.082,9.48246,29.190272433430813,15.8041,48.65045405571803,31.6082,97.30090811143606,VA,Mecklenburg County
48371,52.639,2025.0,497.0,4,497.0,14.91,28.325006174129445,24.85,47.20834362354908,49.7,94.41668724709815,TX,Pecos County
41059,87.887,2025.0,795.4396,20,795.4396,23.863188,27.15212488763981,39.77198,45.25354147939968,79.54396,90.50708295879936,OR,Umatilla County
21157,22.619999999999997,2025.0,195.0,2,220.0,5.85,25.862068965517246,9.75,43.10344827586207,19.5,86.20689655172414,KY,Marshall County
48173,26.566,2025.0,200.0,1,200.0,6.0,22.585259354061584,10.0,37.642098923435974,20.0,75.28419784687195,TX,Glasscock County
13317,11.078,2025.0,82.0,1,82.0,2.46,22.20617439971114,4.1,37.01029066618523,8.2,74.02058133237045,GA,Wilkes County
48045,6.813,2025.0,50.0,1,50.0,1.5,22.01673271686482,2.5,36.69455452810803,5.0,73.38910905621606,TX,Briscoe County
53025,103.564,2025.0,748.029885,31,748.029885,22.44089655,21.668626694604306,37.40149425,36.11437782434051,74.8029885,72.22875564868102,WA,Grant County
37039,19.427,2025.0,134.0,3,134.0,4.02,20.69285015699799,6.7,34.48808359499665,13.4,68.9761671899933,NC,Cherokee County
47121,3.617,2025.0,20.0,1,20.0,0.6,16.58833287254631,1.0,27.647221454243848,2.0,55.294442908487696,TN,Meigs County
38093,25.717,2025.0,138.0,3,138.0,4.14,16.098300734922425,6.9,26.83050122487071,13.8,53.66100244974142,ND,Stutsman County
48075,8.48,2025.0,45.0,1,45.0,1.35,15.919811320754716,2.25,26.533018867924525,4.5,53.06603773584905,TX,Childress County
38105,90.964,2025.0,480.0,1,480.0,14.4,15.830438415197222,24.0,26.3840640253287,48.0,52.7681280506574,ND,Williams County
54047,17.342,2025.0,90.0,1,90.0,2.7,15.569138507669244,4.5,25.948564179448738,9.0,51.897128358897476,WV,McDowell County
47151,7.858,2025.0,40.0,2,40.0,1.2,15.271061338763044,2.0,25.451768897938408,4.0,50.903537795876815,TN,Scott County
48349,80.452,2025.0,400.0,1,400.0,12.0,14.915726147267936,20.0,24.859543578779896,40.0,49.71908715755979,TX,Navarro County
01071,16.871,2025.0,80.0,2,80.0,2.4,14.225594214925021,4.0,23.7093236915417,8.0,47.4186473830834,AL,Jackson County
40101,42.525,2025.0,200.0,1,200.0,6.0,14.109347442680777,10.0,23.515579071134628,20.0,47.031158142269256,OK,Muskogee County
41065,37.559,2025.0,170.14655,6,170.14655,5.1043965,13.590341862136906,8.5073275,22.650569770228177,17.014655,45.301139540456354,OR,Wasco County
13097,127.743,2025.0,563.61326,13,563.61326,16.9083978,13.236261712970574,28.180663,22.06043618828429,56.361326,44.12087237656858,GA,Douglas County
39111,23.859,2025.0,100.0,1,100.0,3.0,12.57387149503332,5.0,20.9564524917222,10.0,41.9129049834444,OH,Monroe County
46119,7.224,2025.0,30.0,1,30.0,0.9,12.458471760797341,1.5,20.764119601328904,3.0,41.52823920265781,SD,Sully County
51107,1154.616,2025.0,4740.8181038,214,4740.8181038,142.224543114,12.31790856128791,237.04090519,20.529847602146514,474.08181038,41.05969520429303,VA,Loudoun County
13313,89.806,2025.0,359.94917499999997,4,359.94917499999997,10.798475249999997,12.02422471772487,17.99745875,20.040374529541456,35.9949175,40.08074905908291,GA,Whitfield County
39089,213.646,2025.0,782.0,18,782.0,23.46,10.9807812924183,39.1,18.301302154030502,78.2,36.602604308061004,OH,Licking County
19155,171.98999999999998,2025.0,598.5008,14,598.5008,17.955024,10.43957439386011,29.92504,17.399290656433514,59.85008,34.79858131286703,IA,Pottawattamie County
48109,18.213,2025.0,63.0,1,63.0,1.89,10.377203096689177,3.15,17.295338494481964,6.3,34.59067698896393,TX,Culberson County
37161,49.48800000000001,2025.0,170.0,4,170.0,5.1,10.305528612997088,8.5,17.175881021661816,17.0,34.35176204332363,NC,Rutherford County
48221,95.328,2025.0,320.7,4,387.7,9.621,10.092522658610271,16.035,16.820871097683785,32.07,33.64174219536757,TX,Hood County
18153,35.486000000000004,2025.0,115.0,1,115.0,3.45,9.722143944090627,5.75,16.203573240151044,11.5,32.40714648030209,IN,Sullivan County
21109,3.079,2025.0,9.0909091,1,9.0909091,0.272727273,8.857657453718739,0.45454545499999993,14.762762422864563,0.9090909099999999,29.525524845729127,KY,Jackson County
56021,81.937,2025.0,232.2,12,232.2,6.966,8.501653709557344,11.61,14.169422849262238,23.22,28.338845698524477,WY,Laramie County
37027,58.867,2025.0,158.0,3,160.0,4.74,8.052049535393344,7.9,13.420082558988907,15.8,26.840165117977815,NC,Caldwell County
31153,237.128,2025.0,578.289,15,578.289,17.34867,7.316162578860362,28.91445,12.193604298100603,57.8289,24.387208596201205,NE,Sarpy County
13217,84.905,2025.0,200.0,4,200.0,6.0,7.066721630057122,10.0,11.777869383428538,20.0,23.555738766857075,GA,Newton County
53017,36.542,2025.0,84.81,7,92.31,2.5443,6.962673088500902,4.2405,11.604455147501504,8.481,23.208910295003008,WA,Douglas County
51153,788.936,2025.0,1760.0950428,66,1760.0950428,52.802851284,6.692919487005282,88.00475214,11.15486581167547,176.00950428,22.30973162335094,VA,Prince William County
45015,173.402,2025.0,375.0104666,10,375.0104666,11.250313998,6.487995523696382,18.750523329999996,10.813325872827301,37.50104665999999,21.626651745654602,SC,Berkeley County
30003,17.801000000000002,2022.0,37.0,1,37.0,1.11,6.235604741306668,1.85,10.392674568844447,3.7,20.785349137688893,MT,Big Horn County
19181,67.586,2025.0,140.0,5,140.0,4.2,6.214304737667565,7.0,10.357174562779274,14.0,20.71434912555855,IA,Warren County
01089,222.23,2025.0,440.35,10,440.35,13.2105,5.944516941907033,22.0175,9.907528236511723,44.035,19.815056473023446,AL,Madison County
47173,4.738,2025.0,9.0909091,1,9.0909091,0.272727273,5.756168699873363,0.45454545499999993,9.593614499788938,0.9090909099999999,19.187228999577876,TN,Union County
42007,214.171,2025.0,400.0,2,400.0,12.0,5.602999472384217,20.0,9.338332453973694,40.0,18.676664907947387,PA,Beaver County
42121,49.152,2025.0,90.0,1,90.0,2.7,5.4931640625,4.5,9.1552734375,9.0,18.310546875,PA,Venango County
17037,207.873,2025.0,379.2,4,379.2,11.376,5.472572195523228,18.96,9.12095365920538,37.92,18.24190731841076,IL,DeKalb County
47035,23.058,2025.0,40.0,2,40.0,1.2,5.204267499349466,2.0,8.673779165582445,4.0,17.34755833116489,TN,Cumberland County
30093,43.678,2025.0,75.0,1,75.0,2.25,5.151334768075461,3.75,8.585557946792436,7.5,17.171115893584872,MT,Silver Bow County
21035,20.686,2025.0,35.0,2,35.0,1.05,5.0758967417577106,1.75,8.459827902929517,3.5,16.919655805859033,KY,Calloway County
19049,144.296,2025.0,231.1394666,10,231.1394666,6.934183998,4.805527525364528,11.55697333,8.009212542274215,23.11394666,16.01842508454843,IA,Dallas County
38035,82.456,2025.0,130.0,2,130.0,3.9,4.729795284757931,6.5,7.882992141263219,13.0,15.765984282526437,ND,Grand Forks County
21225,8.866,2025.0,13.0,1,13.0,0.39,4.398826979472141,0.65,7.331378299120235,1.3,14.66275659824047,KY,Union County
47025,13.734,2025.0,20.0,1,20.0,0.6,4.36871996505024,1.0,7.2811999417504,2.0,14.5623998835008,TN,Claiborne County
48325,61.735,2025.0,83.23083,3,83.23083,2.4969249,4.044585567344294,4.1615415,6.740975945573824,8.323083,13.481951891147649,TX,Medina County
47013,16.192,2025.0,20.0,1,20.0,0.6,3.705533596837945,1.0,6.175889328063241,2.0,12.351778656126482,TN,Campbell County
39159,73.481,2025.0,90.0,4,90.0,2.7,3.6744192376260534,4.5,6.124032062710088,9.0,12.248064125420177,OH,Union County
48441,164.143,2025.0,200.1,2,200.1,6.003,3.657176973736315,10.005,6.0952949562271925,20.01,12.190589912454385,TX,Taylor County
31019,86.223,2025.0,100.0,1,100.0,3.0,3.479350057409276,5.0,5.798916762348793,10.0,11.597833524697586,NE,Buffalo County
39063,78.342,2025.0,90.0,1,90.0,2.7,3.446427203798729,4.5,5.744045339664548,9.0,11.488090679329096,OH,Hancock County
28089,152.688,2025.0,160.05,3,160.05,4.8015,3.1446479094624333,8.002500000000001,5.241079849104056,16.005000000000003,10.482159698208113,MS,Madison County
47107,19.993,2025.0,20.0,1,20.0,0.6,3.0010503676286704,1.0,5.00175061271445,2.0,10.0035012254289,TN,McMinn County
47165,121.848,2025.0,120.0,3,120.0,3.6,2.954500689383494,6.0,4.924167815639157,12.0,9.848335631278314,TN,Sumner County
21195,34.488,2025.0,33.6363636,2,33.6363636,1.0090909080000001,2.925918893528184,1.6818181800000003,4.87653148921364,3.3636363600000005,9.75306297842728,KY,Pike County
48067,43.07,2025.0,40.0,1,40.0,1.2,2.7861620617599256,2.0,4.643603436266543,4.0,9.287206872533085,TX,Cass County
48135,250.919,2025.0,207.0,1,207.0,6.21,2.474902259294832,10.35,4.12483709882472,20.7,8.24967419764944,TX,Ector County
47125,148.606,2025.0,120.0,4,120.0,3.6,2.422513222884675,6.0,4.037522038141125,12.0,8.07504407628225,TN,Montgomery County
48139,272.332,2025.0,217.5,9,217.5,6.525,2.395972562901165,10.875,3.993287604835275,21.75,7.98657520967055,TX,Ellis County
51087,402.038,2025.0,316.3571096,15,316.3571096,9.490713288,2.360650806142703,15.81785548,3.934418010237838,31.63571096,7.868836020475676,VA,Henrico County
48389,64.937,2025.0,50.0,1,50.0,1.5,2.3099311640513114,2.5,3.8498852734188524,5.0,7.699770546837705,TX,Reeves County
36063,349.153,2025.0,265.5,4,265.5,7.965,2.281234874109631,13.275,3.8020581235160513,26.55,7.604116247032103,NY,Niagara County
19153,963.011,2025.0,724.7114536,32,724.7114536,21.741343607999998,2.2576422915210728,36.23557268,3.7627371525351214,72.47114536,7.525474305070243,IA,Polk County
51047,64.127,2025.0,46.10212,7,46.10212,1.3830636,2.156757060208649,2.305106,3.5945951003477474,4.610212,7.189190200695495,VA,Culpeper County
48355,620.448,2025.0,420.30736,6,420.30736,12.609220800000001,2.0322768064366397,21.015368,3.387128010727732,42.030736,6.774256021455464,TX,Nueces County
31081,23.615,2025.0,15.15,2,15.15,0.4545,1.9246241795468984,0.7575,3.207706965911497,1.515,6.415413931822994,NE,Hamilton County
39045,167.817,2025.0,100.0,2,100.0,3.0,1.787661559913477,5.0,2.9794359331891287,10.0,5.958871866378257,OH,Fairfield County
48003,85.457,2025.0,50.0,2,50.0,1.5,1.7552687316428146,2.5,2.9254478860713578,5.0,5.8508957721427155,TX,Andrews County
37035,143.981,2025.0,83.44,4,83.44,2.5032,1.738562727026483,4.172,2.8976045450441377,8.344,5.795209090088275,NC,Catawba County
51193,21.134,2025.0,12.0,1,12.0,0.36,1.7034162960158985,0.6,2.8390271600264976,1.2,5.678054320052995,VA,Westmoreland County
41067,948.158,2025.0,527.98753,29,527.98753,15.8396259,1.6705681858930683,26.3993765,2.7842803098217805,52.798753,5.568560619643561,OR,Washington County
26027,52.654,2025.0,29.0,1,29.0,0.87,1.6522961218520908,1.45,2.753826869753485,2.9,5.50765373950697,MI,Cass County
47105,36.383,2025.0,20.0,1,20.0,0.6,1.6491218426188055,1.0,2.7485364043646756,2.0,5.497072808729351,TN,Loudon County
21145,43.256,2025.0,23.0,1,28.0,0.69,1.5951544294433142,1.15,2.658590715738857,2.3,5.317181431477714,KY,McCracken County
04013,4231.624,2025.0,2042.7420747,90,2042.7420747,61.282262241000005,1.448197246281806,102.137103735,2.413662077136343,204.27420747,4.827324154272686,AZ,Maricopa County
13145,31.609,2025.0,14.0,1,14.0,0.42,1.3287354867284633,0.7,2.214559144547439,1.4,4.429118289094878,GA,Harris County
32031,446.9,2025.0,193.0996533,10,193.0996533,5.792989599,1.2962608187513986,9.654982664999999,2.1604346979189972,19.309965329999997,4.3208693958379945,NV,Washoe County
42079,399.861,2025.0,170.0,4,170.0,5.1,1.2754432165177398,8.5,2.125738694196233,17.0,4.251477388392466,PA,Luzerne County
18141,313.09000000000003,2025.0,128.114,8,128.114,3.84342,1.2275767351240856,6.4057,2.0459612252068093,12.8114,4.091922450413619,IN,St. Joseph County
49049,475.102,2025.0,183.916,10,183.916,5.51748,1.1613253575021787,9.1958,1.935542262503631,18.3916,3.871084525007262,UT,Utah County
45087,23.882,2025.0,9.0,1,9.0,0.27,1.1305585796834434,0.45,1.884264299472406,0.9,3.768528598944812,SC,Union County
48461,40.682,2025.0,15.0,1,15.0,0.45,1.1061403077528145,0.75,1.8435671795880242,1.5,3.6871343591760484,TX,Upton County
19083,30.015,2025.0,10.15,3,10.15,0.3045,1.0144927536231885,0.5075,1.690821256038647,1.015,3.381642512077294,IA,Hardin County
29047,286.921,2025.0,94.5955,6,94.5955,2.837865,0.989075390089955,4.729775,1.6484589834832586,9.45955,3.296917966966517,MO,Clay County
55101,286.29900000000004,2025.0,90.0,1,90.0,2.7,0.9430700072302033,4.5,1.571783345383672,9.0,3.143566690767344,WI,Racine County
48277,65.836,2025.0,20.0,1,20.0,0.6,0.9113554893978978,1.0,1.518925815663163,2.0,3.037851631326326,TX,Lamar County
18127,200.029,2025.0,60.0,1,60.0,1.8,0.8998695189197566,3.0,1.4997825315329278,6.0,2.9995650630658557,IN,Porter County
19075,18.5,2025.0,5.4545455,1,5.4545455,0.16363636499999998,0.8845208918918918,0.27272727500000005,1.4742014864864867,0.5454545500000001,2.9484029729729735,IA,Grundy County
39049,2203.461,2025.0,629.24428,37,629.24428,18.8773284,0.8567126171055445,31.462214,1.427854361842574,62.924428,2.855708723685148,OH,Franklin County
45083,333.925,2025.0,95.1,5,95.1,2.853,0.8543834693419181,4.755,1.4239724489031969,9.51,2.8479448978063937,SC,Spartanburg County
36089,177.356,2025.0,50.0,1,50.0,1.5,0.8457565574325087,2.5,1.4095942623875144,5.0,2.819188524775029,NY,St. Lawrence County
01075,5.503,2025.0,1.5,1,1.5,0.045,0.8177357804833727,0.075,1.3628929674722878,0.15,2.7257859349445757,AL,Lamar County
08085,37.331,2025.0,10.0,1,10.0,0.3,0.8036216549248613,0.5,1.339369424874769,1.0,2.678738849749538,CO,Montrose County
47113,80.047,2025.0,20.05,2,20.05,0.6015,0.7514335327994804,1.0025,1.2523892213324672,2.005,2.5047784426649344,TN,Madison County
51061,138.006,2025.0,33.689,4,33.689,1.01067,0.7323377244467631,1.68445,1.2205628740779386,3.3689,2.4411257481558772,VA,Fauquier County
13121,2070.306,2025.0,502.8330698,49,502.8330698,15.084992093999999,0.7286358680311026,25.14165349,1.214393113385171,50.28330698,2.428786226770342,GA,Fulton County
13157,77.773,2025.0,18.0,1,18.0,0.54,0.694328365885333,0.9,1.1572139431422217,1.8,2.3144278862844434,GA,Jackson County
13285,62.28,2025.0,14.0,1,14.0,0.42,0.674373795761079,0.7,1.1239563262684649,1.4,2.2479126525369297,GA,Troup County
16001,501.474,2025.0,105.458,10,105.508,3.16374,0.6308881417580972,5.2729,1.0514802362634952,10.5458,2.1029604725269904,ID,Ada County
32003,1861.876,2025.0,389.479528,30,389.479528,11.68438584,0.6275598289037508,19.4739764,1.045933048172918,38.9479528,2.091866096345836,NV,Clark County
49035,1327.151,2025.0,269.8968,24,269.8968,8.096904,0.6100966657147529,13.49484,1.0168277761912548,26.98968,2.0336555523825095,UT,Salt Lake County
45091,359.366,2025.0,72.9,3,72.9,2.187,0.6085717624928346,3.6450000000000005,1.0142862708213911,7.290000000000001,2.0285725416427822,SC,York County
13021,155.32,2025.0,31.0,1,31.0,0.93,0.5987638423899048,1.55,0.9979397373165079,3.1,1.9958794746330157,GA,Bibb County
06085,5046.661,2025.0,1002.016259,101,1002.016259,30.060487769999998,0.5956510209423617,50.100812950000005,0.992751701570603,100.20162590000001,1.985503403141206,CA,Santa Clara County
47093,458.49300000000005,2025.0,89.832,7,89.832,2.69496,0.5877865092814938,4.4916,0.9796441821358232,8.9832,1.9592883642716463,TN,Knox County
16011,31.127,2025.0,6.0,1,6.0,0.18,0.5782760947087737,0.3,0.9637934911812895,0.6,1.927586982362579,ID,Bingham County
37045,78.069,2025.0,15.0,1,15.0,0.45,0.5764131729623794,0.75,0.9606886216039657,1.5,1.9213772432079315,NC,Cleveland County
42101,1287.085,2025.0,233.493,20,233.493,7.00479,0.544236783118442,11.67465,0.9070613051974034,23.3493,1.8141226103948067,PA,Philadelphia County
35045,83.112,2025.0,15.0,1,15.0,0.45,0.5414380594859949,0.75,0.9023967658099914,1.5,1.8047935316199828,NM,San Juan County
31055,943.864,2025.0,168.35,12,168.35,5.0505,0.5350876821236958,8.4175,0.891812803539493,16.835,1.783625607078986,NE,Douglas County
13015,113.95,2025.0,19.876330000000003,1,19.876330000000003,0.5962899000000002,0.5232908293111015,0.9938165000000001,0.872151382185169,1.9876330000000002,1.744302764370338,GA,Bartow County
46127,35.088,2025.0,6.0,1,6.0,0.18,0.5129958960328317,0.3,0.8549931600547196,0.6,1.7099863201094392,SD,Union County
51660,38.717,2025.0,6.17,3,6.67,0.1851,0.4780845623369579,0.3085,0.7968076038949299,0.617,1.5936152077898598,VA,Harrisonburg city
42085,111.46,2025.0,17.5,1,17.5,0.525,0.47102099407859327,0.875,0.7850349901309888,1.75,1.5700699802619775,PA,Mercer County
48121,1475.897,2025.0,223.48621,9,223.48621,6.7045863,0.4542719647780299,11.1743105,0.7571199412967167,22.348621,1.5142398825934333,TX,Denton County
53007,94.663,2025.0,14.0,2,14.0,0.42,0.4436791565870509,0.7,0.7394652609784182,1.4,1.4789305219568365,WA,Chelan County
34017,1518.557,2025.0,209.1118531,35,209.1118531,6.273355593,0.4131129482133367,10.455592654999998,0.6885215803555611,20.911185309999997,1.3770431607111222,NJ,Hudson County
29510,324.999,2025.0,42.573,10,42.773,1.27719,0.39298274763922353,2.12865,0.6549712460653724,4.2573,1.3099424921307448,MO,St. Louis city
48113,5647.648,2025.0,733.29909,96,733.29909,21.9989727,0.3895245011728776,36.6649545,0.649207501954796,73.329909,1.298415003909592,TX,Dallas County
51059,3144.096,2025.0,402.8024914,47,402.8024914,12.084074742,0.3843417867011694,20.14012457,0.6405696445019491,40.28024914,1.2811392890038982,VA,Fairfax County
08035,544.356,2025.0,68.708,10,68.708,2.06124,0.3786566144214448,3.4354,0.6310943573690747,6.8708,1.2621887147381494,CO,Douglas County
36107,80.26599999999999,2025.0,10.0,1,10.0,0.3,0.3737572571200758,0.5,0.622928761866793,1.0,1.245857523733586,NY,Tioga County
39153,744.531,2025.0,92.3963333,5,92.3963333,2.771889999,0.3723001458636377,4.619816665,0.6205002431060628,9.23963333,1.2410004862121256,OH,Summit County
47179,98.0,2025.0,12.0,1,12.0,0.36,0.3673469387755102,0.6,0.6122448979591837,1.2,1.2244897959183674,TN,Washington County
48027,369.1799999999999,2025.0,44.3,2,44.3,1.329,0.3599869982122543,2.215,0.5999783303537571,4.43,1.1999566607075143,TX,Bell County
27019,165.98600000000002,2025.0,19.8,4,19.8,0.594,0.3578615063921053,0.99,0.5964358439868422,1.98,1.1928716879736845,MN,Carver County
48029,3226.724,2025.0,372.00076,27,372.00076,11.1600228,0.3458623297189347,18.600038,0.5764372161982246,37.200076,1.1528744323964493,TX,Bexar County
48381,88.893,2025.0,10.015,2,10.015,0.30045,0.33799061793392055,0.50075,0.5633176965565343,1.0015,1.1266353931130686,TX,Randall County
45007,160.7,2025.0,18.0,1,18.0,0.54,0.3360298693217175,0.9,0.5600497822028625,1.8,1.120099564405725,SC,Anderson County
19127,50.371,2025.0,5.4545455,1,5.4545455,0.16363636499999998,0.3248622520894959,0.27272727500000005,0.5414370868158267,0.5454545500000001,1.0828741736316534,IA,Marshall County
13077,124.509,2025.0,13.33337,1,13.33337,0.40000110000000005,0.32126280027949794,0.6666685,0.5354380004658298,1.333337,1.0708760009316596,GA,Coweta County
45045,573.701,2025.0,60.5631635,5,60.5631635,1.816894905,0.31669718285308895,3.028158175,0.5278286380884817,6.05631635,1.0556572761769634,SC,Greenville County
38055,20.404,2025.0,2.0,1,2.0,0.06,0.2940599882376005,0.1,0.4900999803960008,0.2,0.9801999607920016,ND,McLean County
17043,2811.644,2025.0,263.1182396,26,263.1182396,7.893547187999999,0.28074490184390344,13.155911979999999,0.467908169739839,26.311823959999998,0.935816339479678,IL,DuPage County
48085,2509.07,2025.0,220.06329,24,220.06329,6.6018987000000005,0.2631213437648212,11.0031645,0.4385355729413687,22.006329,0.8770711458827374,TX,Collin County
13135,1049.458,2025.0,88.73083,10,91.16282,2.6619249,0.25364758761189105,4.4365415,0.4227459793531517,8.873083,0.8454919587063034,GA,Gwinnett County
17031,12553.326,2025.0,1052.7793109,80,1052.7793109,31.583379327,0.2515937156973379,52.638965545,0.4193228594955632,105.27793109,0.8386457189911264,IL,Cook County
08005,1048.814,2025.0,85.02499999999999,14,85.02499999999999,2.5507499999999994,0.24320327531859787,4.25125,0.4053387921976632,8.5025,0.8106775843953264,CO,Arapahoe County
31109,454.456,2025.0,30.9324,4,30.9324,0.927972,0.20419402538419562,1.54662,0.340323375640326,3.09324,0.680646751280652,NE,Lancaster County
47187,315.21000000000004,2025.0,20.7024,9,20.7024,0.621072,0.19703435804701624,1.03512,0.3283905967450271,2.07024,0.6567811934900541,TN,Williamson County
26081,727.578,2025.0,47.299,4,47.299,1.41897,0.19502651262132722,2.36495,0.325044187702212,4.7299,0.650088375404424,MI,Kent County
48329,355.327,2025.0,23.0,1,23.0,0.69,0.1941873260405204,1.15,0.3236455434008673,2.3,0.6472910868017346,TX,Midland County
36029,1521.993,2025.0,95.19595,9,95.19595,2.8558785,0.18764071188238055,4.7597975,0.3127345198039676,9.519595,0.6254690396079352,NY,Erie County
18053,54.572,2025.0,3.4,1,3.4,0.102,0.1869090376017005,0.17,0.31151506266950085,0.34,0.6230301253390017,IN,Grant County
34023,2365.212,2025.0,143.5555073,14,143.5555073,4.306665218999999,0.18208368717053688,7.177775365,0.30347281195089487,14.35555073,0.6069456239017897,NJ,Middlesex County
51041,419.894,2025.0,25.0,1,25.0,0.75,0.17861650797582246,1.25,0.2976941799597041,2.5,0.5953883599194082,VA,Chesterfield County
06067,1680.174,2025.0,99.70696,18,99.70696,2.9912088,0.17802970406636456,4.985348,0.29671617344394097,9.970696,0.5934323468878819,CA,Sacramento County
48167,850.698,2025.0,50.0,1,50.0,1.5,0.1763257936423972,2.5,0.29387632273732867,5.0,0.5877526454746573,TX,Galveston County
37063,429.73300000000006,2025.0,24.8450904,7,24.8450904,0.7453527120000001,0.17344553757798448,1.24225452,0.2890758959633074,2.48450904,0.5781517919266148,NC,Durham County
39077,52.959,2025.0,3.0,1,3.0,0.09,0.16994278592873732,0.15,0.2832379765478955,0.3,0.566475953095791,OH,Huron County
27141,135.072,2025.0,7.5,1,7.5,0.225,0.1665778251599147,0.375,0.27762970859985786,0.75,0.5552594171997157,MN,Sherburne County
42011,764.35,2025.0,42.296,4,42.296,1.26888,0.1660077189769085,2.1148,0.27667953162818076,4.2296,0.5533590632563615,PA,Berks County
36019,148.002,2025.0,8.0,1,8.0,0.24,0.16215997081120526,0.4,0.2702666180186754,0.8,0.5405332360373508,NY,Clinton County
48439,3762.982,2025.0,200.30173,17,200.30173,6.009051899999999,0.1596885634850233,10.0150865,0.2661476058083722,20.030173,0.5322952116167444,TX,Tarrant County
51069,114.911,2025.0,6.09716,1,6.09716,0.1829148,0.1591795389475333,0.304858,0.2652992315792222,0.609716,0.5305984631584444,VA,Frederick County
53033,3693.521,2025.0,195.2881941,42,202.9484741,5.858645823,0.15861953466624393,9.764409705,0.2643658911104066,19.52881941,0.5287317822208132,WA,King County
47157,921.418,2025.0,48.569,11,48.569,1.45707,0.15813344215111927,2.42845,0.2635557369185321,4.8569,0.5271114738370642,TN,Shelby County
39165,294.101,2025.0,15.355999999999998,2,15.355999999999998,0.4606799999999999,0.15664006582772583,0.7677999999999999,0.26106677637954306,1.5355999999999999,0.5221335527590861,OH,Warren County
48039,682.925,2025.0,34.0,2,34.0,1.02,0.14935754292198997,1.7,0.24892923820331664,3.4,0.4978584764066333,TX,Brazoria County
42027,190.25,2025.0,9.04,2,9.04,0.2712,0.1425492772667543,0.45199999999999996,0.23758212877792376,0.9039999999999999,0.4751642575558475,PA,Centre County
42019,237.432,2025.0,10.18,2,10.18,0.3054,0.12862630142525017,0.509,0.21437716904208362,1.018,0.42875433808416724,PA,Butler County
34035,1304.25,2025.0,55.4216,7,55.4216,1.662648,0.12747924094307073,2.77108,0.21246540157178456,5.54216,0.4249308031435691,NJ,Somerset County
45053,41.103,2025.0,1.5,1,1.5,0.045,0.10948105977665863,0.075,0.18246843296109772,0.15,0.36493686592219543,SC,Jasper County
29095,809.102,2025.0,28.985,6,28.985,0.86955,0.10747099871215249,1.44925,0.1791183311869208,2.8985,0.3582366623738416,MO,Jackson County
36087,1288.704,2025.0,46.05,7,46.05,1.3815,0.1072007225864124,2.3025,0.178667870977354,4.605,0.357335741954708,NY,Rockland County
21015,140.225,2025.0,5.0,1,5.0,0.15,0.10697093956141915,0.25,0.17828489926903193,0.5,0.35656979853806386,KY,Boone County
18097,778.721,2025.0,26.56312,15,26.56312,0.7968936000000001,0.1023336470956864,1.328156,0.17055607849281063,2.656312,0.34111215698562125,IN,Marion County
39023,117.805,2025.0,4.00566,1,4.00566,0.1201698,0.10200738508552268,0.200283,0.17001230847587112,0.400566,0.34002461695174224,OH,Clark County
37119,1552.201,2025.0,52.19115,32,52.19115,1.5657345,0.10087189094711317,2.6095575,0.16811981824518862,5.219115,0.33623963649037725,NC,Mecklenburg County
48453,3329.58,2025.0,110.71415,26,110.71415,3.3214245,0.09975505919665544,5.5357075,0.16625843199442572,11.071415,0.33251686398885144,TX,Travis County
39017,432.763,2025.0,13.285,5,13.285,0.39855,0.09209428717334894,0.66425,0.1534904786222482,1.3285,0.3069809572444964,OH,Butler County
41017,321.596,2025.0,9.15,3,9.15,0.2745,0.0853555392480006,0.4575,0.142259232080001,0.915,0.284518464160002,OR,Deschutes County
39061,1338.969,2025.0,36.573,8,37.70099999999999,1.09719,0.0819428978564851,1.82865,0.13657149642747518,3.6573,0.27314299285495036,OH,Hamilton County
27139,212.247,2025.0,5.6419999999999995,2,5.6419999999999995,0.16925999999999997,0.07974671020085086,0.2821,0.13291118366808483,0.5642,0.26582236733616965,MN,Scott County
19019,25.564,2025.0,0.6666667,1,0.6666667,0.020000000999999996,0.07823502190580503,0.033333335,0.13039170317634172,0.06666667,0.26078340635268343,IA,Buchanan County
18089,578.3389999999999,2025.0,15.0,3,15.0,0.45,0.0778090358768819,0.75,0.12968172646146983,1.5,0.25936345292293966,IN,Lake County
27053,2244.504,2025.0,58.130914700000005,33,58.130914700000005,1.743927441,0.0776976757893949,2.9065457350000004,0.12949612631565818,5.813091470000001,0.25899225263131637,MN,Hennepin County
24510,857.488,2025.0,21.282,11,21.282,0.63846,0.07445701864049409,1.0641,0.12409503106749016,2.1282,0.24819006213498032,MD,Baltimore city
48491,1319.364,2025.0,32.565,4,32.565,0.9769499999999999,0.07404704084695353,1.62825,0.12341173474492254,3.2565,0.24682346948984507,TX,Williamson County
12031,975.173,2025.0,24.05,11,24.05,0.7215,0.07398687207295526,1.2025,0.12331145345492542,2.405,0.24662290690985084,FL,Duval County
06037,15707.625,2025.0,384.15437,78,384.15437,11.524631099999999,0.07336966027645808,19.2077185,0.12228276712743014,38.415437,0.24456553425486027,CA,Los Angeles County
12086,4513.609,2025.0,110.0770726,27,110.0770726,3.3023121779999998,0.07316345252767795,5.50385363,0.12193908754612992,11.00770726,0.24387817509225984,FL,Miami-Dade County
08031,1250.4740000000002,2025.0,30.103,17,30.103,0.90309,0.07221981424643774,1.50515,0.12036635707739622,3.0103,0.24073271415479244,CO,Denver County
29165,134.112,2025.0,3.1879999999999997,2,3.1879999999999997,0.09563999999999999,0.07131352899069433,0.1594,0.11885588165115724,0.3188,0.23771176330231447,MO,Platte County
51683,75.857,2025.0,1.80015,2,1.80015,0.0540045,0.07119250695387373,0.0900075,0.11865417825645623,0.180015,0.23730835651291246,VA,Manassas city
53053,1051.826,2025.0,23.63138,4,23.63138,0.7089414,0.06740101499677704,1.181569,0.1123350249946284,2.363138,0.2246700499892568,WA,Pierce County
34031,1480.337,2025.0,32.5801076,4,32.5801076,0.9774032279999999,0.06602572441275195,1.62900538,0.11004287402125326,3.25801076,0.22008574804250652,NJ,Passaic County
12057,1458.858,2025.0,30.86976,21,30.86976,0.9260927999999999,0.06348066775518933,1.543488,0.10580111292531555,3.086976,0.2116022258506311,FL,Hillsborough County
37183,1339.099,2025.0,27.8573955,17,27.8573955,0.835721865,0.06240926660388814,1.3928697749999999,0.10401544433981355,2.7857395499999997,0.2080308886796271,NC,Wake County
19163,289.269,2025.0,6.0,1,6.0,0.18,0.0622258174916773,0.3,0.10370969581946216,0.6,0.2074193916389243,IA,Scott County
42003,2159.345,2025.0,44.522018200000005,22,44.522018200000005,1.3356605460000002,0.06185489331255545,2.22610091,0.10309148885425906,4.45220182,0.20618297770851812,PA,Allegheny County
06007,212.485,2025.0,4.37676,1,4.37676,0.1313028,0.06179391486457867,0.218838,0.10298985810763113,0.437676,0.20597971621526226,CA,Butte County
25025,2298.405,2025.0,47.218,10,54.582,1.41654,0.06163143571302707,2.3609,0.10271905952171179,4.7218,0.20543811904342357,MA,Suffolk County
48201,10721.714,2025.0,217.06803,33,217.06803,6.5120409,0.06073693907522621,10.8534015,0.1012282317920437,21.706803,0.2024564635840874,TX,Harris County
06075,2770.55,2025.0,55.18877,7,72.36662,1.6556631,0.0597593654689502,2.7594385,0.09959894244825034,5.518877,0.19919788489650067,CA,San Francisco County
06001,3205.589,2025.0,63.788799999999995,12,64.5388,1.9136639999999998,0.059697734176152956,3.1894399999999994,0.09949622362692159,6.378879999999999,0.19899244725384319,CA,Alameda County
39035,2231.745,2025.0,44.2356,17,46.4856,1.327068,0.05946324512881176,2.21178,0.09910540854801961,4.42356,0.19821081709603922,OH,Cuyahoga County
37067,397.931,2025.0,7.7,4,7.7,0.231,0.058050264995690215,0.385,0.09675044165948368,0.77,0.19350088331896736,NC,Forsyth County
40109,638.602,2025.0,12.23516,7,12.53516,0.3670548,0.05747786571291666,0.611758,0.0957964428548611,1.223516,0.1915928857097222,OK,Oklahoma County
13067,844.864,2025.0,15.778,7,15.778,0.47334,0.05602558518294068,0.7889,0.09337597530490115,1.5778,0.1867519506098023,GA,Cobb County
25017,4468.568,2025.0,80.584,21,80.60900000000001,2.41752,0.05410055301832712,4.0292,0.09016758836387855,8.0584,0.1803351767277571,MA,Middlesex County
21111,715.378,2025.0,12.86724,11,18.26724,0.3860172,0.05395989253233954,0.643362,0.08993315422056591,1.286724,0.17986630844113183,KY,Jefferson County
20091,887.879,2025.0,15.9005,6,15.9005,0.477015,0.05372522607247159,0.795025,0.08954204345411931,1.59005,0.17908408690823863,KS,Johnson County
42091,1966.686,2025.0,34.562,9,34.562,1.03686,0.05272117663928049,1.7280999999999997,0.08786862773213415,3.4561999999999995,0.1757372554642683,PA,Montgomery County
26125,1887.831,2025.0,32.988,22,33.987,0.98964,0.05242206532258449,1.6494,0.08737010887097416,3.2988,0.1747402177419483,MI,Oakland County
38017,215.227,2025.0,3.75,1,3.75,0.1125,0.052270393584448044,0.1875,0.08711732264074674,0.375,0.1742346452814935,ND,Cass County
22033,443.427,2025.0,7.45,5,7.45,0.2235,0.050402884804037644,0.3725,0.0840048080067294,0.745,0.1680096160134588,LA,East Baton Rouge Parish
34013,2346.897,2025.0,37.5384433,9,37.8314433,1.1261532989999998,0.04798477730381861,1.8769221649999999,0.07997462883969768,3.7538443299999997,0.15994925767939536,NJ,Essex County
01081,95.547,2025.0,1.5,1,1.5,0.045,0.04709724010173004,0.075,0.07849540016955006,0.15,0.15699080033910012,AL,Lee County
50007,115.515,2025.0,1.79,2,1.79,0.0537,0.04648746915984937,0.0895,0.07747911526641561,0.179,0.15495823053283123,VT,Chittenden County
04019,1092.999,2025.0,16.9279987,9,16.9279987,0.5078399610000001,0.04646298496155989,0.846399935,0.07743830826926648,1.69279987,0.15487661653853296,AZ,Pima County
06059,5213.675,2025.0,80.6416515,22,80.6416515,2.419249545,0.0464020013713935,4.032082575,0.07733666895232248,8.06416515,0.15467333790464496,CA,Orange County
08001,665.084,2025.0,10.153,3,10.153,0.30459,0.04579722260646776,0.50765,0.07632870434411294,1.0153,0.1526574086882259,CO,Adams County
47037,977.638,2025.0,14.2628182,10,14.2628182,0.427884546,0.04376717619405137,0.71314091,0.0729452936567523,1.42628182,0.1458905873135046,TN,Davidson County
10003,617.299,2025.0,8.5,2,8.5,0.255,0.04130899288675342,0.425,0.06884832147792237,0.85,0.13769664295584474,DE,New Castle County
20209,151.931,2025.0,2.025,1,2.025,0.06075,0.03998525646510587,0.10125,0.06664209410850978,0.2025,0.13328418821701957,KS,Wyandotte County
01053,15.183,2025.0,0.2,1,0.2,0.006,0.03951788184153329,0.01,0.06586313640255549,0.02,0.13172627280511098,AL,Escambia County
18005,77.254,2025.0,1.0,1,1.0,0.03,0.03883294068915525,0.05,0.06472156781525876,0.1,0.12944313563051751,IN,Bartholomew County
49053,157.14,2025.0,2.0,1,2.0,0.06,0.038182512409316534,0.1,0.06363752068219422,0.2,0.12727504136438844,UT,Washington County
53061,876.477,2025.0,10.6619,6,10.6619,0.319857,0.036493484712091705,0.533095,0.06082247452015284,1.06619,0.12164494904030568,WA,Snohomish County
08041,518.7330000000001,2025.0,6.210999999999999,5,6.210999999999999,0.18632999999999997,0.03592021328891741,0.31054999999999994,0.05986702214819568,0.6210999999999999,0.11973404429639135,CO,El Paso County
20177,213.442,2025.0,2.453,1,2.453,0.07359,0.03447775039589209,0.12264999999999998,0.05746291732648681,0.24529999999999996,0.11492583465297362,KS,Shawnee County
53063,467.575,2025.0,5.35604,5,5.35604,0.16068120000000002,0.03436479709137572,0.267802,0.05727466181895952,0.535604,0.11454932363791905,WA,Spokane County
18003,355.731,2025.0,4.07,3,4.07,0.12210000000000001,0.03432368840500266,0.2035,0.057206147341671086,0.407,0.11441229468334217,IN,Allen County
25021,2021.699,2025.0,22.111,2,22.111,0.66333,0.03281052223896831,1.10555,0.05468420373161386,2.2111,0.10936840746322772,MA,Norfolk County
55025,1170.806,2025.0,12.603000000000002,10,12.603000000000002,0.37809000000000004,0.032293138231269745,0.6301500000000001,0.05382189705211624,1.2603000000000002,0.10764379410423248,WI,Dane County
27037,579.475,2025.0,6.174,1,19.074,0.18522,0.03196341516027438,0.3087,0.0532723586004573,0.6174,0.1065447172009146,MN,Dakota County
18057,428.79,2025.0,4.55,3,4.55,0.1365,0.03183376477996222,0.2275,0.05305627463327036,0.455,0.10611254926654072,IN,Hamilton County
48375,241.698,2025.0,2.4909,2,2.4909,0.074727,0.030917508626467742,0.124545,0.051529181044112894,0.24909,0.10305836208822579,TX,Potter County
48309,373.396,2025.0,3.65,2,3.65,0.1095,0.029325434659182206,0.1825,0.048875724431970344,0.365,0.09775144886394069,TX,McLennan County
37025,235.824,2025.0,2.2824,1,2.2824,0.068472,0.029035212700997355,0.11412,0.048392021168328914,0.22824,0.09678404233665783,NC,Cabarrus County
48347,83.998,2025.0,0.8,1,0.8,0.024,0.028572108859734754,0.04,0.047620181432891255,0.08,0.09524036286578251,TX,Nacogdoches County
34021,1226.762,2025.0,11.2515,1,11.2515,0.337545,0.027515117031665474,0.562575,0.04585852838610913,1.12515,0.09171705677221827,NJ,Mercer County
47065,439.27,2025.0,4.025,7,4.025,0.12075000000000001,0.027488788216814265,0.20125000000000004,0.04581464702802378,0.4025000000000001,0.09162929405604756,TN,Hamilton County
27041,54.792,2025.0,0.5,1,0.5,0.015,0.027376259307928166,0.025,0.04562709884654694,0.05,0.09125419769309388,MN,Douglas County
35001,557.049,2025.0,5.05,6,5.05,0.1515,0.027196889322124267,0.2525,0.04532814887020711,0.505,0.09065629774041423,NM,Bernalillo County
42077,620.263,2025.0,5.431,1,5.431,0.16293,0.02626788958877121,0.27155,0.04377981598128536,0.5431,0.08755963196257072,PA,Lehigh County
30111,191.869,2025.0,1.658,4,1.658,0.04974,0.02592393768665079,0.0829,0.04320656281108465,0.1658,0.0864131256221693,MT,Yellowstone County
06077,786.441,2025.0,6.67212,1,6.67212,0.20016359999999997,0.025451826646881323,0.333606,0.042419711078135545,0.667212,0.08483942215627109,CA,San Joaquin County
36091,473.548,2025.0,4.0,1,4.0,0.12,0.02534062016944428,0.2,0.0422343669490738,0.4,0.0844687338981476,NY,Saratoga County
48339,1106.393,2025.0,9.27907,3,9.27907,0.2783721,0.02516032729780467,0.4639535000000001,0.041933878829674455,0.9279070000000001,0.08386775765934891,TX,Montgomery County
12095,1921.343,2025.0,15.916,9,15.916,0.47748,0.024851366986529736,0.7958,0.041418944977549554,1.5916,0.08283788995509911,FL,Orange County
34003,4009.675,2025.0,32.6545728,5,34.6545728,0.9796371839999999,0.024431835098854642,1.6327286399999998,0.040719725164757734,3.2654572799999997,0.08143945032951547,NJ,Bergen County
06073,5103.951,2025.0,41.36,29,41.36,1.2408,0.024310578216757955,2.068,0.04051763036126327,4.136,0.08103526072252654,CA,San Diego County
47177,17.811,2025.0,0.144,1,0.144,0.00432,0.02425467407781708,0.007199999999999999,0.04042445679636179,0.014399999999999998,0.08084891359272359,TN,Warren County
37021,272.672,2025.0,2.2,1,2.2,0.066,0.024204905527520245,0.11000000000000001,0.040341509212533745,0.22000000000000003,0.08068301842506749,NC,Buncombe County
24033,1118.265,2025.0,9.02016,2,9.02016,0.27060480000000003,0.02419862912636987,0.4510080000000001,0.04033104854394978,0.9020160000000002,0.08066209708789956,MD,Prince George's County
12105,468.421,2025.0,3.5999999999999996,2,3.5999999999999996,0.10799999999999998,0.023056182365863185,0.17999999999999997,0.038426970609771974,0.35999999999999993,0.07685394121954395,FL,Polk County
55079,1506.621,2025.0,11.534680000000002,11,11.534680000000002,0.3460404,0.022967979339196788,0.5767340000000001,0.03827996556532798,1.1534680000000002,0.07655993113065596,WI,Milwaukee County
39113,765.743,2025.0,5.73,4,5.73,0.1719,0.022448785036232783,0.2865,0.03741464172705464,0.573,0.07482928345410927,OH,Montgomery County
24027,615.277,2025.0,4.56,1,4.56,0.1368,0.02223388815119044,0.22799999999999998,0.03705648025198406,0.45599999999999996,0.07411296050396812,MD,Howard County
40143,686.64,2025.0,5.045,9,11.045,0.15135,0.022042118140510315,0.25225,0.03673686356751718,0.5045,0.07347372713503436,OK,Tulsa County
49057,214.434,2025.0,1.5,1,1.5,0.045,0.02098547804918996,0.075,0.03497579674864994,0.15,0.06995159349729987,UT,Weber County
01073,638.339,2025.0,4.3,3,4.3500000000000005,0.129,0.020208697886232863,0.215,0.03368116314372144,0.43,0.06736232628744288,AL,Jefferson County
09120,1034.441,2025.0,6.9,1,6.9,0.207,0.020010807769606963,0.345,0.033351346282678274,0.69,0.06670269256535655,,
47149,211.38,2025.0,1.4,2,1.4,0.042,0.019869429463525407,0.07,0.033115715772542346,0.14,0.06623143154508469,TN,Rutherford County
24031,2167.916,2025.0,14.2416,2,17.3916,0.427248,0.01970777465547558,0.71208,0.0328462910924593,1.42416,0.0656925821849186,MD,Montgomery County
36027,853.795,2025.0,5.55,1,5.55,0.1665,0.019501168313236786,0.2775,0.03250194718872798,0.555,0.06500389437745596,NY,Dutchess County
13287,7.767,2025.0,0.05,1,0.05,0.0015,0.019312475859405175,0.0025,0.03218745976567529,0.005,0.06437491953135058,GA,Turner County
25027,1564.641,2025.0,9.888,6,12.333,0.29664,0.01895898164499077,0.4944,0.03159830274165128,0.9888,0.06319660548330255,MA,Worcester County
41051,1635.697,2025.0,10.0607048,7,11.1497048,0.301821144,0.018452142664564405,0.50303524,0.030753571107607337,1.00607048,0.06150714221521467,OR,Multnomah County
09190,2572.347,2025.0,15.7475099,5,15.7475099,0.472425297,0.018365535326299292,0.787375495,0.030609225543832146,1.57475099,0.06121845108766429,,
55133,779.962,2025.0,4.7219999999999995,6,4.7219999999999995,0.14166,0.018162423297545267,0.23609999999999998,0.030270705495908774,0.47219999999999995,0.06054141099181755,WI,Waukesha County
51580,8.327,2025.0,0.05,1,0.05,0.0015,0.01801369040470758,0.0025,0.030022817341179297,0.005,0.060045634682358594,VA,Covington city
27163,343.409,2025.0,1.95,1,1.95,0.0585,0.017035080618155028,0.0975,0.02839180103025838,0.195,0.05678360206051676,MN,Washington County
05119,235.779,2025.0,1.29608,3,1.29608,0.0388824,0.01649103609736236,0.06480399999999999,0.027485060162270595,0.12960799999999997,0.05497012032454119,AR,Pulaski County
42095,635.59,2025.0,3.4730000000000003,3,3.4730000000000003,0.10419000000000002,0.016392643056058153,0.17365000000000003,0.02732107176009692,0.34730000000000005,0.05464214352019384,PA,Northampton County
48041,346.311,2025.0,1.87157,2,1.87157,0.0561471,0.016212912670980708,0.0935785,0.027021521118301178,0.187157,0.054043042236602355,TX,Brazos County
51161,115.208,2025.0,0.615,1,0.615,0.01845,0.01601451288104993,0.03075,0.02669085480174988,0.0615,0.05338170960349976,VA,Roanoke County
46099,261.145,2025.0,1.35,2,1.35,0.0405,0.015508625476267975,0.0675,0.025847709127113292,0.135,0.051695418254226584,SD,Minnehaha County
13045,78.30799999999999,2025.0,0.4,1,0.4,0.012,0.015324104816876948,0.02,0.025540174694794915,0.04,0.05108034938958983,GA,Carroll County
08059,806.97,2025.0,4.0920000000000005,2,4.0920000000000005,0.12276000000000001,0.01521246142979293,0.20460000000000003,0.02535410238298822,0.40920000000000006,0.05070820476597644,CO,Jefferson County
12073,270.668,2025.0,1.366,4,1.366,0.04098,0.015140319505815241,0.0683,0.025233865843025404,0.1366,0.05046773168605081,FL,Leon County
19113,392.706,2025.0,1.9433333,2,1.9433333,0.058299999,0.014845711295472947,0.097166665,0.024742852159121583,0.19433333,0.049485704318243166,IA,Linn County
25013,801.808,2025.0,3.917,3,3.917,0.11751,0.014655628280087004,0.19585,0.02442604713347834,0.3917,0.04885209426695668,MA,Hampden County
51085,145.842,2025.0,0.704,2,0.704,0.02112,0.01448142510387954,0.0352,0.0241357085064659,0.0704,0.0482714170129318,VA,Hanover County
34027,2046.137,2025.0,9.813,4,10.338,0.29439,0.014387599657305449,0.49065000000000003,0.023979332762175752,0.9813000000000001,0.047958665524351504,NJ,Morris County
19013,188.841,2025.0,0.9,1,2.688,0.027,0.0142977425453159,0.045,0.023829570908859832,0.09,0.047659141817719665,IA,Black Hawk County
22071,422.87,2025.0,1.976,6,1.976,0.05928,0.01401849268096578,0.0988,0.0233641544682763,0.1976,0.0467283089365526,LA,Orleans Parish
25009,1738.532,2025.0,7.995,2,7.995,0.23985,0.013796122245664734,0.39975,0.022993537076107892,0.7995,0.045987074152215784,MA,Essex County
25005,978.76,2018.0,4.5,1,4.5,0.135,0.013792962524009971,0.225,0.022988270873349953,0.45,0.045976541746699906,MA,Bristol County
36119,4369.706,2025.0,19.3361524,5,19.743182800000003,0.5800845720000001,0.01327513960893479,0.96680762,0.022125232681557982,1.93361524,0.044250465363115964,NY,Westchester County
39041,357.776,2025.0,1.575,1,1.575,0.04725,0.013206587361924779,0.07875,0.0220109789365413,0.1575,0.0440219578730826,OH,Delaware County
27123,791.948,2025.0,3.45,2,3.45,0.1035,0.013069039886457192,0.1725,0.02178173314409532,0.345,0.04356346628819064,MN,Ramsey County
53073,226.832,2025.0,0.9829972,1,0.9829972,0.029489916,0.013000774141214646,0.049149860000000004,0.02166795690202441,0.09829972000000001,0.04333591380404882,WA,Whatcom County
36061,24746.625,2025.0,106.9700996,30,132.3860531,3.2091029879999997,0.012967841020745252,5.3485049799999995,0.02161306836790875,10.697009959999999,0.0432261367358175,NY,New York County
11001,2540.862,2025.0,10.71266,11,11.91266,0.3213798,0.01264845552414889,0.535633,0.02108075920691482,1.071266,0.04216151841382964,DC,District of Columbia
48323,48.044,2025.0,0.2,1,0.2,0.006,0.012488552160519525,0.01,0.020814253600865876,0.02,0.04162850720173175,TX,Maverick County
06079,548.369,2025.0,2.25,2,2.25,0.0675,0.012309229733992986,0.1125,0.02051538288998831,0.225,0.04103076577997662,CA,San Luis Obispo County
30031,149.215,2025.0,0.6,2,0.6,0.018,0.012063130382334215,0.03,0.02010521730389036,0.06,0.04021043460778072,MT,Gallatin County
39151,380.451,2025.0,1.5,1,1.5,0.045,0.011828067214963293,0.075,0.019713445358272155,0.15,0.03942689071654431,OH,Stark County
55059,318.729,2025.0,1.25,2,1.25,0.0375,0.011765481019926019,0.0625,0.01960913503321003,0.125,0.03921827006642006,WI,Kenosha County
15003,1099.913,2025.0,4.2170000000000005,3,4.2170000000000005,0.12651,0.011501818780212619,0.21085000000000004,0.019169697967021032,0.4217000000000001,0.038339395934042064,HI,Honolulu County
33009,338.08,2025.0,1.27,2,1.27,0.0381,0.011269522006625652,0.0635,0.01878253667770942,0.127,0.03756507335541884,NH,Grafton County
28105,45.129000000000005,2025.0,0.167,1,0.167,0.00501,0.011101509007511797,0.00835,0.018502515012519663,0.0167,0.037005030025039326,MS,Oktibbeha County
27047,40.539,2025.0,0.15,1,0.15,0.0045,0.011100421816029007,0.0075,0.018500703026715016,0.015,0.03700140605343003,MN,Freeborn County
26161,643.699,2025.0,2.344,3,2.344,0.07032,0.010924360609539552,0.1172,0.018207267682565923,0.2344,0.036414535365131846,MI,Washtenaw County
34007,1393.39,2025.0,4.78712,2,4.78712,0.1436136,0.010306776997107773,0.239356,0.017177961661846288,0.478712,0.034355923323692576,NJ,Camden County
40037,40.203,2025.0,0.136,1,0.136,0.00408,0.0101484963808671,0.0068000000000000005,0.016914160634778498,0.013600000000000001,0.033828321269556996,OK,Creek County
06071,2298.506,2025.0,7.721500000000001,2,7.721500000000001,0.23164500000000002,0.010078068101627754,0.38607500000000006,0.016796780169379594,0.7721500000000001,0.03359356033875919,CA,San Bernardino County
51710,269.931,2025.0,0.9,1,0.9,0.027,0.010002556208808919,0.045,0.016670927014681532,0.09,0.033341854029363065,VA,Norfolk city
26049,342.125,2025.0,1.118,1,1.118,0.03354,0.00980343441724516,0.055900000000000005,0.016339057362075266,0.11180000000000001,0.03267811472415053,MI,Genesee County
27145,188.487,2025.0,0.6,1,0.6,0.018,0.009549730220121282,0.03,0.01591621703353547,0.06,0.03183243406707094,MN,Stearns County
42043,426.663,2025.0,1.347,2,1.347,0.04041,0.009471175142911384,0.06735,0.015785291904852304,0.1347,0.03157058380970461,PA,Dauphin County
47063,38.199,2025.0,0.12,1,0.12,0.0036,0.009424330479855494,0.006,0.015707217466425824,0.012,0.03141443493285165,TN,Hamblen County
12097,320.13300000000004,2025.0,1.0,1,1.0,0.03,0.009371105134428502,0.05,0.015618508557380837,0.1,0.031237017114761675,FL,Osceola County
12011,3067.2290000000003,2025.0,9.33468,8,9.33468,0.2800404,0.009130077995480611,0.466734,0.01521679665913435,0.933468,0.0304335933182687,FL,Broward County
40017,104.66,2025.0,0.29052,1,0.29052,0.0087156,0.008327536785782534,0.014526,0.013879227976304224,0.029052,0.02775845595260845,OK,Canadian County
18063,189.797,2025.0,0.5,1,0.5,0.015,0.007903180766819286,0.025,0.01317196794469881,0.05,0.02634393588939762,IN,Hendricks County
35013,116.141,2025.0,0.3,1,0.3,0.009,0.00774920140174443,0.015,0.012915335669574052,0.03,0.025830671339148105,NM,Doña Ana County
06061,773.812,2025.0,1.98,2,1.98,0.0594,0.007676283128201683,0.099,0.012793805213669471,0.198,0.025587610427338942,CA,Placer County
39099,235.706,2025.0,0.6,1,0.6,0.018,0.007636632075551746,0.03,0.012727720125919578,0.06,0.025455440251839156,OH,Mahoning County
45051,410.394,2025.0,1.0,1,1.0,0.03,0.007310048392520359,0.05,0.01218341398753393,0.1,0.02436682797506786,SC,Horry County
06045,124.419,2025.0,0.3,1,0.3,0.009,0.007233621874472548,0.015,0.012056036457454247,0.03,0.024112072914908494,CA,Mendocino County
01101,82.682,2025.0,0.198,1,0.198,0.00594,0.007184151326770034,0.0099,0.011973585544616725,0.0198,0.02394717108923345,AL,Montgomery County
12009,554.967,2025.0,1.3,2,1.3,0.039,0.007027444875100682,0.065,0.011712408125167804,0.13,0.023424816250335607,FL,Brevard County
26163,2075.18,2025.0,4.83,3,4.83,0.1449,0.00698252681695082,0.2415,0.01163754469491803,0.483,0.02327508938983606,MI,Wayne County
48141,1038.55,2025.0,2.3852,4,2.3852,0.071556,0.006889990852631072,0.11926000000000002,0.011483318087718457,0.23852000000000004,0.022966636175436914,TX,El Paso County
51820,21.923,2025.0,0.05,1,0.05,0.0015,0.00684212927062902,0.0025,0.0114035487843817,0.005,0.0228070975687634,VA,Waynesboro city
29019,176.167,2025.0,0.4,2,0.4,0.012,0.006811718426265986,0.02,0.011352864043776644,0.04,0.02270572808755329,MO,Boone County
48479,404.975,2025.0,0.9,3,0.9,0.027,0.006667078214704612,0.045,0.011111797024507685,0.09,0.02222359404901537,TX,Webb County
17097,2395.879,2025.0,5.25,1,5.25,0.1575,0.0065737877413675734,0.2625,0.010956312902279289,0.525,0.021912625804558578,IL,Lake County
42041,380.741,2025.0,0.8,1,0.8,0.024,0.006303497653260353,0.04,0.010505829422100588,0.08,0.021011658844201177,PA,Cumberland County
51169,24.085,2025.0,0.05,1,0.05,0.0015,0.0062279427029271325,0.0025,0.010379904504878554,0.005,0.02075980900975711,VA,Scott County
36001,696.764,2025.0,1.4449999999999998,4,1.4449999999999998,0.04334999999999999,0.006221618797756484,0.07224999999999998,0.010369364662927472,0.14449999999999996,0.020738729325854945,NY,Albany County
09140,1105.481,2025.0,2.192,2,2.192,0.06576,0.005948541856440771,0.10960000000000002,0.009914236427401286,0.21920000000000003,0.019828472854802572,,
12099,3326.197,2025.0,6.543,5,6.543,0.19629,0.0059013341663166664,0.32715,0.009835556943861111,0.6543,0.019671113887722223,FL,Palm Beach County
28049,281.202,2025.0,0.55,3,0.55,0.0165,0.005867668082019332,0.027500000000000004,0.009779446803365554,0.05500000000000001,0.019558893606731107,MS,Hinds County
22105,48.984,2025.0,0.09472,1,0.09472,0.0028416,0.0058010779029887315,0.004736,0.009668463171647884,0.009472,0.019336926343295768,LA,Tangipahoa Parish
08013,765.683,2025.0,1.414,3,1.414,0.04242,0.0055401517338115125,0.0707,0.009233586223019187,0.1414,0.018467172446038373,CO,Boulder County
37051,274.982,2025.0,0.5,1,0.5,0.015,0.005454902502709268,0.025,0.009091504171182112,0.05,0.018183008342364224,NC,Cumberland County
24003,778.114,2025.0,1.392,2,9.3856,0.04176,0.00536682285629098,0.0696,0.008944704760484966,0.1392,0.017889409520969932,MD,Anne Arundel County
34025,2336.997,2025.0,4.0,2,4.0,0.12,0.005134794781508064,0.2,0.00855799130251344,0.4,0.01711598260502688,NJ,Monmouth County
24005,950.077,2025.0,1.6,2,1.6,0.048,0.005052222083052216,0.08,0.00842037013842036,0.16,0.01684074027684072,MD,Baltimore County
36055,1423.989,2025.0,2.391,4,2.391,0.07173,0.005037258012526782,0.11955,0.00839543002087797,0.2391,0.01679086004175594,NY,Monroe County
37097,179.77800000000002,2022.0,0.285,1,0.285,0.00855,0.00475586556753329,0.014249999999999999,0.007926442612555483,0.028499999999999998,0.015852885225110965,NC,Iredell County
19045,69.65,2025.0,0.11,1,0.11,0.0033,0.004737975592246949,0.0055,0.007896625987078246,0.011,0.015793251974156493,IA,Clinton County
08069,483.594,2025.0,0.729,1,0.729,0.02187,0.004522388615243366,0.03645,0.007537314358738943,0.0729,0.015074628717477886,CO,Larimer County
45079,582.7570000000001,2025.0,0.85,3,0.85,0.0255,0.004375751814221021,0.0425,0.0072929196903683685,0.085,0.014585839380736737,SC,Richland County
37081,590.6419999999999,2025.0,0.85,2,2.85,0.0255,0.004317336051279794,0.0425,0.007195560085466323,0.085,0.014391120170932647,NC,Guilford County
17143,287.243,2025.0,0.4,2,0.4,0.012,0.004177647497066944,0.02,0.006962745828444906,0.04,0.013925491656889812,IL,Peoria County
44007,1314.752,2025.0,1.825,6,1.825,0.05475,0.004164283454217981,0.09125,0.006940472423696636,0.1825,0.013880944847393273,RI,Providence County
36067,830.43,2025.0,1.152,3,1.152,0.03456,0.004161699360572234,0.05759999999999999,0.006936165600953722,0.11519999999999998,0.013872331201907444,NY,Onondaga County
48215,824.133,2025.0,1.1338,5,1.1338,0.034014,0.004127246451725632,0.05668999999999999,0.006878744086209384,0.11337999999999998,0.013757488172418769,TX,Hidalgo County
24021,421.834,2025.0,0.56,1,0.56,0.0168,0.003982609272841923,0.028000000000000004,0.006637682121403207,0.05600000000000001,0.013275364242806413,MD,Frederick County
41039,454.775,2025.0,0.6,2,0.6,0.018,0.003958001209389259,0.03,0.006596668682315431,0.06,0.013193337364630861,OR,Lane County
30049,79.923,2025.0,0.1,1,0.1,0.003,0.0037536128523704064,0.005,0.006256021420617344,0.01,0.012512042841234689,MT,Lewis and Clark County
01097,240.079,2025.0,0.3,1,0.3,0.009,0.0037487660311814022,0.015,0.0062479433853023375,0.03,0.012495886770604675,AL,Mobile County
41029,257.654,2025.0,0.31364,2,0.31364,0.0094092,0.003651874218913737,0.015681999999999998,0.0060864570315228945,0.031363999999999996,0.012172914063045789,OR,Jackson County
06099,430.392,2025.0,0.52,2,0.52,0.0156,0.0036246026877823005,0.026,0.0060410044796371685,0.052,0.012082008959274337,CA,Stanislaus County
09170,1547.681,2025.0,1.8,2,1.8,0.054,0.003489091098230191,0.09,0.005815151830383651,0.18,0.011630303660767302,,
29189,1579.686,2025.0,1.812,2,1.812,0.05436,0.0034411902112191917,0.0906,0.005735317018698653,0.1812,0.011470634037397306,MO,St. Louis County
36103,5672.343,2025.0,6.43,3,6.43,0.1929,0.0034007111347110004,0.3215,0.005667851891185001,0.643,0.011335703782370001,NY,Suffolk County
34037,561.353,2025.0,0.63036,1,0.63036,0.0189108,0.003368789335765552,0.031518,0.005614648892942587,0.063036,0.011229297785885174,NJ,Sussex County
39025,232.594,2025.0,0.25,1,0.25,0.0075,0.0032245027816710666,0.0125,0.005374171302785111,0.025,0.010748342605570222,OH,Clermont County
17201,468.746,2025.0,0.5,1,0.5,0.015,0.0032000273068996856,0.025,0.005333378844832809,0.05,0.010666757689665619,IL,Winnebago County
19193,144.131,2025.0,0.15,1,0.15,0.0045,0.00312215970193782,0.0075,0.005203599503229701,0.015,0.010407199006459401,IA,Woodbury County
42017,1400.352,2025.0,1.456,1,1.456,0.04368,0.003119215740042503,0.0728,0.0051986929000708395,0.1456,0.010397385800141679,PA,Bucks County
55131,197.726,2025.0,0.2,1,0.2,0.006,0.0030345022910492295,0.01,0.005057503818415383,0.02,0.010115007636830766,WI,Washington County
08077,145.949,2025.0,0.146,1,0.146,0.00438,0.0030010483113964465,0.007299999999999999,0.005001747185660743,0.014599999999999998,0.010003494371321486,CO,Mesa County
29183,506.568,2025.0,0.5,1,0.5,0.015,0.0029611029516274224,0.025,0.004935171586045704,0.05,0.009870343172091407,MO,St. Charles County
48485,152.776,2025.0,0.15,1,0.15,0.0045,0.002945488820233544,0.0075,0.004909148033722574,0.015,0.009818296067445147,TX,Wichita County
04023,36.285,2025.0,0.035,1,0.035,0.00105,0.0028937577511368336,0.0017500000000000003,0.004822929585228056,0.0035000000000000005,0.009645859170456112,AZ,Santa Cruz County
06081,1973.193,2025.0,1.788,1,1.788,0.05364,0.0027184365644921707,0.0894,0.004530727607486951,0.1788,0.009061455214973903,CA,San Mateo County
13089,859.144,2025.0,0.75,2,0.75,0.0225,0.002618885774678052,0.0375,0.004364809624463419,0.075,0.008729619248926838,GA,DeKalb County
25023,1207.972,2025.0,0.945,2,0.945,0.02835,0.0023469087031818617,0.04725,0.003911514505303103,0.0945,0.007823029010606206,MA,Plymouth County
33011,1084.286,2025.0,0.797,3,0.797,0.02391,0.0022051377588569805,0.03985,0.0036752295980949667,0.0797,0.007350459196189933,NH,Hillsborough County
56025,68.53,2025.0,0.05,1,0.05,0.0015,0.0021888224135415144,0.0025,0.0036480373559025243,0.005,0.0072960747118050485,WY,Natrona County
51540,70.34299999999999,2025.0,0.05,1,0.05,0.0015,0.002132408341981434,0.0025,0.0035540139033023903,0.005,0.007108027806604781,VA,Charlottesville city
26065,423.834,2025.0,0.3,1,0.3,0.009,0.0021234728690949756,0.015,0.0035391214484916263,0.03,0.007078242896983253,MI,Ingham County
06065,2595.467,2025.0,1.695,3,1.695,0.05085,0.001959184994453792,0.08475,0.0032653083240896537,0.1695,0.0065306166481793075,CA,Riverside County
25011,161.677,2025.0,0.1,1,0.1,0.003,0.0018555515008319057,0.005,0.003092585834719843,0.01,0.006185171669439686,MA,Franklin County
30063,162.063,2025.0,0.1,1,0.1,0.003,0.0018511319671979415,0.005,0.0030852199453299026,0.01,0.006170439890659805,MT,Missoula County
51680,81.061,2025.0,0.05,1,0.05,0.0015,0.0018504582968381833,0.0025,0.0030840971613969722,0.005,0.0061681943227939445,VA,Lynchburg city
29077,248.844,2025.0,0.15,1,0.15,0.0045,0.0018083618652649852,0.0075,0.0030139364421083088,0.015,0.0060278728842166176,MO,Greene County
27137,258.292,2025.0,0.15,1,0.15,0.0045,0.0017422142381490716,0.0075,0.0029036903969151197,0.015,0.005807380793830239,MN,St. Louis County
17111,778.991,2025.0,0.45,1,0.45,0.0135,0.0017330110360710203,0.0225,0.0028883517267850336,0.045,0.005776703453570067,IL,McHenry County
19103,261.592,2025.0,0.15,1,0.15,0.0045,0.001720236092846876,0.0075,0.0028670601547447936,0.015,0.005734120309489587,IA,Johnson County
12103,1316.355,2025.0,0.752,1,0.752,0.02256,0.0017138233987032375,0.0376,0.0028563723311720622,0.0752,0.0057127446623441245,FL,Pinellas County
02020,528.814,2025.0,0.3,2,0.3,0.009,0.001701921658655028,0.015,0.00283653609775838,0.03,0.00567307219551676,AK,Anchorage Municipality
06013,1972.234,2025.0,1.0914,1,1.0914,0.03274199999999999,0.0016601478323566067,0.054569999999999994,0.0027669130539276776,0.10913999999999999,0.005533826107855355,CA,Contra Costa County
51760,329.786,2025.0,0.1744,1,0.1744,0.005232,0.0015864833558732025,0.00872,0.0026441389264553377,0.01744,0.005288277852910675,VA,Richmond city
13185,96.143,2025.0,0.05,1,0.05,0.0015,0.0015601759878514296,0.0025,0.0026002933130857163,0.005,0.0052005866261714325,GA,Lowndes County
48183,201.278,2025.0,0.1,1,0.1,0.003,0.001490475859259333,0.005,0.002484126432098888,0.01,0.004968252864197776,TX,Gregg County
12127,612.784,2025.0,0.3,1,0.3,0.009,0.0014687067547455546,0.015,0.002447844591242591,0.03,0.004895689182485182,FL,Volusia County
22015,103.421,2025.0,0.05,1,0.05,0.0015,0.0014503824174974134,0.0025,0.0024173040291623556,0.005,0.004834608058324711,LA,Bossier Parish
17113,335.46,2025.0,0.155,2,0.155,0.00465,0.00138615632266142,0.00775,0.002310260537769034,0.0155,0.004620521075538068,IL,McLean County
13153,120.492,2025.0,0.05,1,0.05,0.0015,0.0012448959267005277,0.0025,0.00207482654450088,0.005,0.00414965308900176,GA,Houston County
20173,475.457,2025.0,0.185,2,0.185,0.00555,0.0011672979890925994,0.00925,0.0019454966484876654,0.0185,0.0038909932969753308,KS,Sedgwick County
48061,394.859,2025.0,0.15,1,0.15,0.0045,0.001139647317143588,0.0075,0.0018994121952393133,0.015,0.0037988243904786266,TX,Cameron County
06083,798.606,2025.0,0.3,1,0.3,0.009,0.0011269637343070298,0.015,0.0018782728905117167,0.03,0.0037565457810234335,CA,Santa Barbara County
22051,359.986,2025.0,0.127,1,0.127,0.00381,0.0010583744923413688,0.00635,0.0017639574872356147,0.0127,0.0035279149744712295,LA,Jefferson Parish
06019,850.4499999999999,2025.0,0.3,1,0.3,0.009,0.0010582632723852077,0.015,0.0017637721206420131,0.03,0.0035275442412840263,CA,Fresno County
45019,716.937,2025.0,0.25,1,0.25,0.0075,0.0010461170228346424,0.0125,0.0017435283713910705,0.025,0.003487056742782141,SC,Charleston County
21067,322.224,2025.0,0.10584,1,0.10584,0.0031752000000000004,0.0009854014598540148,0.005292,0.0016423357664233577,0.010584,0.0032846715328467154,KY,Fayette County
22017,306.481,2025.0,0.1,1,0.1,0.003,0.0009788535015221173,0.005,0.001631422502536862,0.01,0.003262845005073724,LA,Caddo Parish
24025,326.224,2025.0,0.1,1,0.1,0.003,0.0009196135170925499,0.005,0.0015326891951542498,0.01,0.0030653783903084996,MD,Harford County
06029,979.908,2025.0,0.3,1,0.3,0.009,0.0009184535691105695,0.015,0.001530755948517616,0.03,0.003061511897035232,CA,Kern County
42071,811.198,2025.0,0.24,1,0.24,0.0072,0.0008875761528011657,0.012,0.0014792935880019427,0.024,0.0029585871760038854,PA,Lancaster County
12071,1097.464,2025.0,0.3,1,0.3,0.009,0.0008200724579576186,0.015,0.0013667874299293644,0.03,0.002733574859858729,FL,Lee County
54039,183.366,2025.0,0.05,1,0.05,0.0015,0.0008180360590294819,0.0025,0.0013633934317158034,0.005,0.0027267868634316067,WV,Kanawha County
41005,688.235,2025.0,0.15,1,0.15,0.0045,0.0006538464332677065,0.0075,0.0010897440554461775,0.015,0.002179488110892355,OR,Clackamas County
12033,235.006,2025.0,0.05,1,0.05,0.0015,0.0006382815757895543,0.0025,0.0010638026263159238,0.005,0.0021276052526318476,FL,Escambia County
42125,259.288,2025.0,0.05,1,0.05,0.0015,0.0005785072969053716,0.0025,0.0009641788281756193,0.005,0.0019283576563512387,PA,Washington County
23005,716.248,2025.0,0.135,2,0.135,0.004050000000000001,0.0005654466050865064,0.00675,0.0009424110084775106,0.0135,0.0018848220169550211,ME,Cumberland County
06113,223.698,2025.0,0.035,1,0.035,0.00105,0.0004693828286350347,0.0017500000000000003,0.0007823047143917246,0.0035000000000000005,0.0015646094287834493,CA,Yolo County
36059,6327.059,2025.0,0.97,1,4.72,0.0291,0.00045992932893465987,0.0485,0.0007665488815577665,0.097,0.001533097763115533,NY,Nassau County
23019,232.123,2025.0,0.035,1,0.035,0.00105,0.0004523463853215752,0.0017500000000000003,0.0007539106422026254,0.0035000000000000005,0.0015078212844052508,ME,Penobscot County
48337,31.316,2025.0,0.00375,1,0.00375,0.0001125,0.00035924128241154684,0.0001875,0.0005987354706859113,0.000375,0.0011974709413718227,TX,Montague County
33015,960.311,2025.0,0.1,1,0.1,0.003,0.00031239879580677505,0.005,0.0005206646596779585,0.01,0.001041329319355917,NH,Rockingham County
42029,1179.899,2025.0,0.1,1,0.1,0.003,0.0002542590509865675,0.005,0.0004237650849776125,0.01,0.000847530169955225,PA,Chester County
51810,644.378,2025.0,0.035,1,0.035,0.00105,0.00016294783496643273,0.0017500000000000003,0.0002715797249440546,0.0035000000000000005,0.0005431594498881092,VA,Virginia Beach city
09110,2735.533,2025.0,0.135,2,0.135,0.004050000000000001,0.00014805158629049625,0.00675,0.0002467526438174937,0.0135,0.0004935052876349874,,
34039,2035.339,2025.0,0.1,1,0.1,0.003,0.00014739559355959867,0.005,0.0002456593225993311,0.01,0.0004913186451986622,NJ,Union County
